Workbook
Name a_1: data!$H$39
Name a_2: data!$H$49
Name a_3: data!$H$60
Name a_4: data!$H$65
Name Alpha1_A: '[1]Ideal ICOMP_MH'!$B$309
Name Alpha1_B: '[1]Ideal ICOMP_MH'!$B$310
Name Alpha1_C: '[1]Ideal ICOMP_MH'!$B$311
Name Alpha2: '[1]Ideal ICOMP_MH'!$B$313
Name b_1: data!$H$40
Name b_2: data!$H$50
Name b_3: data!$H$61
Name b_4: data!$H$66
Name Beta: '[1]Ideal ICOMP_MH'!$B$314
Name c_1: data!$H$41
Name c_2: data!$H$51
Name c_3: data!$H$62
Name C_f1: data!$B$245
Name C_f2: data!$B$257
Name C_s1: data!$A$234
Name C_s2: data!$A$247
Name Cicomp: #REF!
Name Cicomp_maxrcmd: #REF!
Name Cicomp_minrcmd: #REF!
Name CICOMPmax_initial: data!$F$251
Name CICOMPmin_initial: data!$F$256
Name Cin: #REF!
Name Cin_initial: data!$F$227
Name Cin_rcmd: #REF!
Name Cisense: #REF!
Name Cisense_initial: data!$F$275
Name Coss: #REF!
Name Cout: #REF!
Name Cout_initial: data!$F$235
Name Cout_rcmd: #REF!
Name Cvcomp: #REF!
Name Cvcomp_p: #REF!
Name Cvcomp_p_initial: data!$F$270
Name Cvcomp_p_rcmd: #REF!
Name Cvcomp_rcmd: #REF!
Name CVCOMPinitial: data!$F$261
Name Cvins: #REF!
Name Cvins_actual: #REF!
Name Cvsense: #REF!
Name Cvsense_initial: data!$F$244
Name d_1: data!$H$42
Name d_2: data!$H$52
Name delta_Rfb1: #REF!
Name delta_Rfb2: #REF!
Name Dmax: #REF!
Name E_48f: data!$B$228
Name E_48s: data!$A$181
Name eff: #REF!
Name f_Iavg: #REF!
Name fiavg: #REF!
Name fline_max: #REF!
Name fline_min: #REF!
Name fline_nom: #REF!
Name fpole: #REF!
Name fPWM_PSpole: #REF!
Name fsw: #REF!

Sheet DF
C2: Tuning | D2: Origin | M2: =1/40000 -> 2.5e-05
B3: b0 | C3: 1e-05 | D3: 1e-05 | E3: ADC input (random) | F3: in0 | G3: in1 | H3: in2 | I3: out1 | J3: out2 | K3: Output (DF_result)
B4: b1 | C4: 2e-05 | D4: 2e-05 | E4: =(0.5+RAND())*500 -> 444.097 | F4: =E4 -> 444.097 | G4: 0 | H4: 0 | I4: 0 | J4: 0 | K4: =F4*$C$3+G4*$C$4+H4*$C$5+I4*$C$6+J4*$C$8 -> 0.00444097
B5: b2 | C5: 1e-05 | D5: 1e-05 | E5: =(0.5+RAND())*500 -> 470.12497 | F5: =E5 -> 470.12497 | G5: =F4 -> 444.097 | H5: 0 | I5: =K4 -> 0.00444097 | J5: 0 | K5: =F5*$C$3+G5*$C$4+H5*$C$5+I5*$C$6+J5*$C$8 -> 0.022409497
B6: a1 | C6: 1.987473 | D6: 1.987473 | E6: =(0.5+RAND())*500 -> 598.63151 | F6: =E6 -> 598.63151 | G6: =F5 -> 470.12497 | H6: =G5 -> 444.097 | I6: =K5 -> 0.022409497 | J6: =I5 -> 0.00444097 | K6: =F6*$C$3+G6*$C$4+H6*$C$5+I6*$C$6+J6*$C$8 -> 0.059982544
B7: a2 | C7: -0.987472 | D7: -0.987512 | E7: =(0.5+RAND())*500 -> 554.0154 | F7: =E7 -> 554.0154 | G7: =F6 -> 598.63151 | H7: =G6 -> 470.12497 | I7: =K6 -> 0.059982544 | J7: =I6 -> 0.022409497 | K7: =F7*$C$3+G7*$C$4+H7*$C$5+I7*$C$6+J7*$C$8 -> 0.11929807
C8: =C7-C11 -> -0.987512 | E8: =(0.5+RAND())*500 -> 308.53368 | F8: =E8 -> 308.53368 | G8: =F7 -> 554.0154 | H8: =G7 -> 598.63151 | I8: =K7 -> 0.11929807 | J8: =I7 -> 0.059982544 | K8: =F8*$C$3+G8*$C$4+H8*$C$5+I8*$C$6+J8*$C$8 -> 0.19802018
E9: =(0.5+RAND())*500 -> 730.48323 | F9: =E9 -> 730.48323 | G9: =F8 -> 308.53368 | H9: =G8 -> 554.0154 | I9: =K8 -> 0.19802018 | J9: =I8 -> 0.11929807 | K9: =F9*$C$3+G9*$C$4+H9*$C$5+I9*$C$6+J9*$C$8 -> 0.29476714
C10: =SUM(C3:C6,C8) -> 1.000001 | E10: =(0.5+RAND())*500 -> 744.78356 | F10: =E10 -> 744.78356 | G10: =F9 -> 730.48323 | H10: =G9 -> 308.53368 | I10: =K9 -> 0.29476714 | J10: =I9 -> 0.19802018 | K10: =F10*$C$3+G10*$C$4+H10*$C$5+I10*$C$6+J10*$C$8 -> 0.41543726
C11: =SUM(C3:C5) -> 4e-05 | E11: =(0.5+RAND())*500 -> 375.07992 | F11: =E11 -> 375.07992 | G11: =F10 -> 744.78356 | H11: =G10 -> 730.48323 | I11: =K10 -> 0.41543726 | J11: =I10 -> 0.29476714 | K11: =F11*$C$3+G11*$C$4+H11*$C$5+I11*$C$6+J11*$C$8 -> 0.56053556
E12: =(0.5+RAND())*500 -> 503.91374 | F12: =E12 -> 503.91374 | G12: =F11 -> 375.07992 | H12: =G11 -> 744.78356 | I12: =K11 -> 0.56053556 | J12: =I11 -> 0.41543726 | K12: =F12*$C$3+G12*$C$4+H12*$C$5+I12*$C$6+J12*$C$8 -> 0.72378858
E13: =(0.5+RAND())*500 -> 262.20583 | F13: =E13 -> 262.20583 | G13: =F12 -> 503.91374 | H13: =G12 -> 375.07992 | I13: =K12 -> 0.72378858 | J13: =I12 -> 0.56053556 | K13: =F13*$C$3+G13*$C$4+H13*$C$5+I13*$C$6+J13*$C$8 -> 0.9014258
E14: =(0.5+RAND())*500 -> 717.12169 | F14: =E14 -> 717.12169 | G14: =F13 -> 262.20583 | H14: =G13 -> 503.91374 | I14: =K13 -> 0.9014258 | J14: =I13 -> 0.72378858 | K14: =F14*$C$3+G14*$C$4+H14*$C$5+I14*$C$6+J14*$C$8 -> 1.094264
E15: =(0.5+RAND())*500 -> 616.23486 | F15: =E15 -> 616.23486 | G15: =F14 -> 717.12169 | H15: =G14 -> 262.20583 | I15: =K14 -> 1.094264 | J15: =I14 -> 0.9014258 | K15: =F15*$C$3+G15*$C$4+H15*$C$5+I15*$C$6+J15*$C$8 -> 1.3077782
E16: =(0.5+RAND())*500 -> 640.86181 | F16: =E16 -> 640.86181 | G16: =F15 -> 616.23486 | H16: =G15 -> 717.12169 | I16: =K15 -> 1.3077782 | J16: =I15 -> 1.094264 | K16: =F16*$C$3+G16*$C$4+H16*$C$5+I16*$C$6+J16*$C$8 -> 1.5444796
E17: =(0.5+RAND())*500 -> 632.99792 | F17: =E17 -> 632.99792 | G17: =F16 -> 640.86181 | H17: =G16 -> 616.23486 | I17: =K16 -> 1.5444796 | J17: =I16 -> 1.3077782 | K17: =F17*$C$3+G17*$C$4+H17*$C$5+I17*$C$6+J17*$C$8 -> 1.8034743
E18: =(0.5+RAND())*500 -> 667.16012 | F18: =E18 -> 667.16012 | G18: =F17 -> 632.99792 | H18: =G17 -> 640.86181 | I18: =K17 -> 1.8034743 | J18: =I17 -> 1.5444796 | K18: =F18*$C$3+G18*$C$4+H18*$C$5+I18*$C$6+J18*$C$8 -> 2.0849046
E19: =(0.5+RAND())*500 -> 504.06548 | F19: =E19 -> 504.06548 | G19: =F18 -> 667.16012 | H19: =G18 -> 632.99792 | I19: =K18 -> 2.0849046 | J19: =I18 -> 1.8034743 | K19: =F19*$C$3+G19*$C$4+H19*$C$5+I19*$C$6+J19*$C$8 -> 2.3874529
E20: =(0.5+RAND())*500 -> 408.81454 | F20: =E20 -> 408.81454 | G20: =F19 -> 504.06548 | H20: =G19 -> 667.16012 | I20: =K19 -> 2.3874529 | J20: =I19 -> 2.0849046 | K20: =F20*$C$3+G20*$C$4+H20*$C$5+I20*$C$6+J20*$C$8 -> 2.706971
E21: =(0.5+RAND())*500 -> 583.96872 | F21: =E21 -> 583.96872 | G21: =F20 -> 408.81454 | H21: =G20 -> 504.06548 | I21: =K20 -> 2.706971 | J21: =I20 -> 2.3874529 | K21: =F21*$C$3+G21*$C$4+H21*$C$5+I21*$C$6+J21*$C$8 -> 3.0414499
E22: =(0.5+RAND())*500 -> 310.91493 | F22: =E22 -> 310.91493 | G22: =F21 -> 583.96872 | H22: =G21 -> 408.81454 | I22: =K21 -> 3.0414499 | J22: =I21 -> 2.706971 | K22: =F22*$C$3+G22*$C$4+H22*$C$5+I22*$C$6+J22*$C$8 -> 3.3905099
E23: =(0.5+RAND())*500 -> 711.01058 | F23: =E23 -> 711.01058 | G23: =F22 -> 310.91493 | H23: =G22 -> 583.96872 | I23: =K22 -> 3.3905099 | J23: =I22 -> 3.0414499 | K23: =F23*$C$3+G23*$C$4+H23*$C$5+I23*$C$6+J23*$C$8 -> 3.7542468
... E10003: =(0.5+RAND())*500 -> 636.84392 | F10003: =E10003 -> 636.84392 | G10003: =F10002 -> 458.57636 | H10003: =G10002 -> 440.81849 | I10003: =K10002 -> 505.31798 | J10003: =I10002 -> 505.30469 | K10003: =F10003*$C$3+G10003*$C$4+H10003*$C$5+I10003*$C$6+J10003*$C$8 -> 505.33134

Sheet data
A2: Data for M1M2 vs VCOMP table
A4: VCOMP | B4: M1 | C4: M2 | D4: M1M2
A5: 0 | B5: =IF(A5<1,(0.068),IF(A5<2,(0.156*A5-0.088),IF(A5<4.5,(0.313*A5-0.401),IF(A5<=5,1.007,"VCOMP MUST BE < 5")))) -> 0.068 | C5: =IF(A5<=0.5,0,IF(A5<4.6,((fSW_target/65)*0.1223*(A5-0.5)^2),IF(A5<=5,((fSW_target/65)*2.056),"VCOMP MUST BE < 5"))) -> 0 | D5: =B5*C5 -> 0 | G5: mV factor | H5: =10^-3 -> 0.001
A6: =A5+0.05 -> 0.05 | B6: =IF(A6<1,(0.068),IF(A6<2,(0.156*A6-0.088),IF(A6<4.5,(0.313*A6-0.401),IF(A6<=5,1.007,"VCOMP MUST BE < 5")))) -> 0.068 | C6: =IF(A6<=0.5,0,IF(A6<4.6,((fSW_target/65)*0.1223*(A6-0.5)^2),IF(A6<=5,((fSW_target/65)*2.056),"VCOMP MUST BE < 5"))) -> 0 | D6: =B6*C6 -> 0 | G6: uF factor | H6: =(10^-6) -> 1e-06
A7: =A6+0.05 -> 0.1 | B7: =IF(A7<1,(0.068),IF(A7<2,(0.156*A7-0.088),IF(A7<4.5,(0.313*A7-0.401),IF(A7<=5,1.007,"VCOMP MUST BE < 5")))) -> 0.068 | C7: =IF(A7<=0.5,0,IF(A7<4.6,((fSW_target/65)*0.1223*(A7-0.5)^2),IF(A7<=5,((fSW_target/65)*2.056),"VCOMP MUST BE < 5"))) -> 0 | D7: =B7*C7 -> 0 | G7: kHz factor | H7: =10^3 -> 1000
A8: =A7+0.05 -> 0.15 | B8: =IF(A8<1,(0.068),IF(A8<2,(0.156*A8-0.088),IF(A8<4.5,(0.313*A8-0.401),IF(A8<=5,1.007,"VCOMP MUST BE < 5")))) -> 0.068 | C8: =IF(A8<=0.5,0,IF(A8<4.6,((fSW_target/65)*0.1223*(A8-0.5)^2),IF(A8<=5,((fSW_target/65)*2.056),"VCOMP MUST BE < 5"))) -> 0 | D8: =B8*C8 -> 0 | G8: mΩ factor | H8: =10^-3 -> 0.001
A9: =A8+0.05 -> 0.2 | B9: =IF(A9<1,(0.068),IF(A9<2,(0.156*A9-0.088),IF(A9<4.5,(0.313*A9-0.401),IF(A9<=5,1.007,"VCOMP MUST BE < 5")))) -> 0.068 | C9: =IF(A9<=0.5,0,IF(A9<4.6,((fSW_target/65)*0.1223*(A9-0.5)^2),IF(A9<=5,((fSW_target/65)*2.056),"VCOMP MUST BE < 5"))) -> 0 | D9: =B9*C9 -> 0 | G9: ms factor | H9: =10^-3 -> 0.001
A10: =A9+0.05 -> 0.25 | B10: =IF(A10<1,(0.068),IF(A10<2,(0.156*A10-0.088),IF(A10<4.5,(0.313*A10-0.401),IF(A10<=5,1.007,"VCOMP MUST BE < 5")))) -> 0.068 | C10: =IF(A10<=0.5,0,IF(A10<4.6,((fSW_target/65)*0.1223*(A10-0.5)^2),IF(A10<=5,((fSW_target/65)*2.056),"VCOMP MUST BE < 5"))) -> 0 | D10: =B10*C10 -> 0 | G10: mA factor | H10: =10^-3 -> 0.001
A11: =A10+0.05 -> 0.3 | B11: =IF(A11<1,(0.068),IF(A11<2,(0.156*A11-0.088),IF(A11<4.5,(0.313*A11-0.401),IF(A11<=5,1.007,"VCOMP MUST BE < 5")))) -> 0.068 | C11: =IF(A11<=0.5,0,IF(A11<4.6,((fSW_target/65)*0.1223*(A11-0.5)^2),IF(A11<=5,((fSW_target/65)*2.056),"VCOMP MUST BE < 5"))) -> 0 | D11: =B11*C11 -> 0 | G11: us factor | H11: =10^-6 -> 1e-06
A12: =A11+0.05 -> 0.35 | B12: =IF(A12<1,(0.068),IF(A12<2,(0.156*A12-0.088),IF(A12<4.5,(0.313*A12-0.401),IF(A12<=5,1.007,"VCOMP MUST BE < 5")))) -> 0.068 | C12: =IF(A12<=0.5,0,IF(A12<4.6,((fSW_target/65)*0.1223*(A12-0.5)^2),IF(A12<=5,((fSW_target/65)*2.056),"VCOMP MUST BE < 5"))) -> 0 | D12: =B12*C12 -> 0 | G12: uH factor | H12: =10^-6 -> 1e-06
A13: =A12+0.05 -> 0.4 | B13: =IF(A13<1,(0.068),IF(A13<2,(0.156*A13-0.088),IF(A13<4.5,(0.313*A13-0.401),IF(A13<=5,1.007,"VCOMP MUST BE < 5")))) -> 0.068 | C13: =IF(A13<=0.5,0,IF(A13<4.6,((fSW_target/65)*0.1223*(A13-0.5)^2),IF(A13<=5,((fSW_target/65)*2.056),"VCOMP MUST BE < 5"))) -> 0 | D13: =B13*C13 -> 0 | G13: ns factor | H13: =10^-9 -> 1e-09
A14: =A13+0.05 -> 0.45 | B14: =IF(A14<1,(0.068),IF(A14<2,(0.156*A14-0.088),IF(A14<4.5,(0.313*A14-0.401),IF(A14<=5,1.007,"VCOMP MUST BE < 5")))) -> 0.068 | C14: =IF(A14<=0.5,0,IF(A14<4.6,((fSW_target/65)*0.1223*(A14-0.5)^2),IF(A14<=5,((fSW_target/65)*2.056),"VCOMP MUST BE < 5"))) -> 0 | D14: =B14*C14 -> 0 | G14: mW factor | H14: =10^-3 -> 0.001
A15: =A14+0.05 -> 0.5 | B15: =IF(A15<1,(0.068),IF(A15<2,(0.156*A15-0.088),IF(A15<4.5,(0.313*A15-0.401),IF(A15<=5,1.007,"VCOMP MUST BE < 5")))) -> 0.068 | C15: =IF(A15<=0.5,0,IF(A15<4.6,((fSW_target/65)*0.1223*(A15-0.5)^2),IF(A15<=5,((fSW_target/65)*2.056),"VCOMP MUST BE < 5"))) -> 0 | D15: =B15*C15 -> 0 | G15: pF factor | H15: =10^-12 -> 1e-12
A16: =A15+0.05 -> 0.55 | B16: =IF(A16<1,(0.068),IF(A16<2,(0.156*A16-0.088),IF(A16<4.5,(0.313*A16-0.401),IF(A16<=5,1.007,"VCOMP MUST BE < 5")))) -> 0.068 | C16: =IF(A16<=0.5,0,IF(A16<4.6,((fSW_target/65)*0.1223*(A16-0.5)^2),IF(A16<=5,((fSW_target/65)*2.056),"VCOMP MUST BE < 5"))) -> #REF! | D16: =B16*C16 -> #REF! | G16: MHz factor | H16: =10^6 -> 1000000
A17: =A16+0.05 -> 0.6 | B17: =IF(A17<1,(0.068),IF(A17<2,(0.156*A17-0.088),IF(A17<4.5,(0.313*A17-0.401),IF(A17<=5,1.007,"VCOMP MUST BE < 5")))) -> 0.068 | C17: =IF(A17<=0.5,0,IF(A17<4.6,((fSW_target/65)*0.1223*(A17-0.5)^2),IF(A17<=5,((fSW_target/65)*2.056),"VCOMP MUST BE < 5"))) -> #REF! | D17: =B17*C17 -> #REF! | G17: uA factor | H17: =10^-6 -> 1e-06
A18: =A17+0.05 -> 0.65 | B18: =IF(A18<1,(0.068),IF(A18<2,(0.156*A18-0.088),IF(A18<4.5,(0.313*A18-0.401),IF(A18<=5,1.007,"VCOMP MUST BE < 5")))) -> 0.068 | C18: =IF(A18<=0.5,0,IF(A18<4.6,((fSW_target/65)*0.1223*(A18-0.5)^2),IF(A18<=5,((fSW_target/65)*2.056),"VCOMP MUST BE < 5"))) -> #REF! | D18: =B18*C18 -> #REF! | G18: kΩ factor | H18: =10^3 -> 1000
A19: =A18+0.05 -> 0.7 | B19: =IF(A19<1,(0.068),IF(A19<2,(0.156*A19-0.088),IF(A19<4.5,(0.313*A19-0.401),IF(A19<=5,1.007,"VCOMP MUST BE < 5")))) -> 0.068 | C19: =IF(A19<=0.5,0,IF(A19<4.6,((fSW_target/65)*0.1223*(A19-0.5)^2),IF(A19<=5,((fSW_target/65)*2.056),"VCOMP MUST BE < 5"))) -> #REF! | D19: =B19*C19 -> #REF! | G19: nC factor | H19: =10^-9 -> 1e-09
A20: =A19+0.05 -> 0.75 | B20: =IF(A20<1,(0.068),IF(A20<2,(0.156*A20-0.088),IF(A20<4.5,(0.313*A20-0.401),IF(A20<=5,1.007,"VCOMP MUST BE < 5")))) -> 0.068 | C20: =IF(A20<=0.5,0,IF(A20<4.6,((fSW_target/65)*0.1223*(A20-0.5)^2),IF(A20<=5,((fSW_target/65)*2.056),"VCOMP MUST BE < 5"))) -> #REF! | D20: =B20*C20 -> #REF! | G20: nF factor | H20: =10^-9 -> 1e-09
A21: =A20+0.05 -> 0.8 | B21: =IF(A21<1,(0.068),IF(A21<2,(0.156*A21-0.088),IF(A21<4.5,(0.313*A21-0.401),IF(A21<=5,1.007,"VCOMP MUST BE < 5")))) -> 0.068 | C21: =IF(A21<=0.5,0,IF(A21<4.6,((fSW_target/65)*0.1223*(A21-0.5)^2),IF(A21<=5,((fSW_target/65)*2.056),"VCOMP MUST BE < 5"))) -> #REF! | D21: =B21*C21 -> #REF! | G21: uC factor | H21: =10^-6 -> 1e-06
A22: =A21+0.05 -> 0.85 | B22: =IF(A22<1,(0.068),IF(A22<2,(0.156*A22-0.088),IF(A22<4.5,(0.313*A22-0.401),IF(A22<=5,1.007,"VCOMP MUST BE < 5")))) -> 0.068 | C22: =IF(A22<=0.5,0,IF(A22<4.6,((fSW_target/65)*0.1223*(A22-0.5)^2),IF(A22<=5,((fSW_target/65)*2.056),"VCOMP MUST BE < 5"))) -> #REF! | D22: =B22*C22 -> #REF! | G22: MΩ factor | H22: =10^6 -> 1000000
A23: =A22+0.05 -> 0.9 | B23: =IF(A23<1,(0.068),IF(A23<2,(0.156*A23-0.088),IF(A23<4.5,(0.313*A23-0.401),IF(A23<=5,1.007,"VCOMP MUST BE < 5")))) -> 0.068 | C23: =IF(A23<=0.5,0,IF(A23<4.6,((fSW_target/65)*0.1223*(A23-0.5)^2),IF(A23<=5,((fSW_target/65)*2.056),"VCOMP MUST BE < 5"))) -> #REF! | D23: =B23*C23 -> #REF! | G23: mH factor | H23: =10^-3 -> 0.001
A24: =A23+0.05 -> 0.95 | B24: =IF(A24<1,(0.068),IF(A24<2,(0.156*A24-0.088),IF(A24<4.5,(0.313*A24-0.401),IF(A24<=5,1.007,"VCOMP MUST BE < 5")))) -> 0.068 | C24: =IF(A24<=0.5,0,IF(A24<4.6,((fSW_target/65)*0.1223*(A24-0.5)^2),IF(A24<=5,((fSW_target/65)*2.056),"VCOMP MUST BE < 5"))) -> #REF! | D24: =B24*C24 -> #REF!
A25: =A24+0.05 -> 1 | B25: =IF(A25<1,(0.068),IF(A25<2,(0.156*A25-0.088),IF(A25<4.5,(0.313*A25-0.401),IF(A25<=5,1.007,"VCOMP MUST BE < 5")))) -> 0.068 | C25: =IF(A25<=0.5,0,IF(A25<4.6,((fSW_target/65)*0.1223*(A25-0.5)^2),IF(A25<=5,((fSW_target/65)*2.056),"VCOMP MUST BE < 5"))) -> #REF! | D25: =B25*C25 -> #REF!
A26: =A25+0.05 -> 1.05 | B26: =IF(A26<1,(0.068),IF(A26<2,(0.156*A26-0.088),IF(A26<4.5,(0.313*A26-0.401),IF(A26<=5,1.007,"VCOMP MUST BE < 5")))) -> 0.0758 | C26: =IF(A26<=0.5,0,IF(A26<4.6,((fSW_target/65)*0.1223*(A26-0.5)^2),IF(A26<=5,((fSW_target/65)*2.056),"VCOMP MUST BE < 5"))) -> #REF! | D26: =B26*C26 -> #REF!
A27: =A26+0.05 -> 1.1 | B27: =IF(A27<1,(0.068),IF(A27<2,(0.156*A27-0.088),IF(A27<4.5,(0.313*A27-0.401),IF(A27<=5,1.007,"VCOMP MUST BE < 5")))) -> 0.0836 | C27: =IF(A27<=0.5,0,IF(A27<4.6,((fSW_target/65)*0.1223*(A27-0.5)^2),IF(A27<=5,((fSW_target/65)*2.056),"VCOMP MUST BE < 5"))) -> #REF! | D27: =B27*C27 -> #REF!
A28: =A27+0.05 -> 1.15 | B28: =IF(A28<1,(0.068),IF(A28<2,(0.156*A28-0.088),IF(A28<4.5,(0.313*A28-0.401),IF(A28<=5,1.007,"VCOMP MUST BE < 5")))) -> 0.0914 | C28: =IF(A28<=0.5,0,IF(A28<4.6,((fSW_target/65)*0.1223*(A28-0.5)^2),IF(A28<=5,((fSW_target/65)*2.056),"VCOMP MUST BE < 5"))) -> #REF! | D28: =B28*C28 -> #REF!
A29: =A28+0.05 -> 1.2 | B29: =IF(A29<1,(0.068),IF(A29<2,(0.156*A29-0.088),IF(A29<4.5,(0.313*A29-0.401),IF(A29<=5,1.007,"VCOMP MUST BE < 5")))) -> 0.0992 | C29: =IF(A29<=0.5,0,IF(A29<4.6,((fSW_target/65)*0.1223*(A29-0.5)^2),IF(A29<=5,((fSW_target/65)*2.056),"VCOMP MUST BE < 5"))) -> #REF! | D29: =B29*C29 -> #REF!
A30: =A29+0.05 -> 1.25 | B30: =IF(A30<1,(0.068),IF(A30<2,(0.156*A30-0.088),IF(A30<4.5,(0.313*A30-0.401),IF(A30<=5,1.007,"VCOMP MUST BE < 5")))) -> 0.107 | C30: =IF(A30<=0.5,0,IF(A30<4.6,((fSW_target/65)*0.1223*(A30-0.5)^2),IF(A30<=5,((fSW_target/65)*2.056),"VCOMP MUST BE < 5"))) -> #REF! | D30: =B30*C30 -> #REF!
A31: =A30+0.05 -> 1.3 | B31: =IF(A31<1,(0.068),IF(A31<2,(0.156*A31-0.088),IF(A31<4.5,(0.313*A31-0.401),IF(A31<=5,1.007,"VCOMP MUST BE < 5")))) -> 0.1148 | C31: =IF(A31<=0.5,0,IF(A31<4.6,((fSW_target/65)*0.1223*(A31-0.5)^2),IF(A31<=5,((fSW_target/65)*2.056),"VCOMP MUST BE < 5"))) -> #REF! | D31: =B31*C31 -> #REF! | G31: K1 | H31: 7
A32: =A31+0.05 -> 1.35 | B32: =IF(A32<1,(0.068),IF(A32<2,(0.156*A32-0.088),IF(A32<4.5,(0.313*A32-0.401),IF(A32<=5,1.007,"VCOMP MUST BE < 5")))) -> 0.1226 | C32: =IF(A32<=0.5,0,IF(A32<4.6,((fSW_target/65)*0.1223*(A32-0.5)^2),IF(A32<=5,((fSW_target/65)*2.056),"VCOMP MUST BE < 5"))) -> #REF! | D32: =B32*C32 -> #REF! | G32: KFQ | H32: =1/(fsw*kHz) -> #REF!
A33: =A32+0.05 -> 1.4 | B33: =IF(A33<1,(0.068),IF(A33<2,(0.156*A33-0.088),IF(A33<4.5,(0.313*A33-0.401),IF(A33<=5,1.007,"VCOMP MUST BE < 5")))) -> 0.1304 | C33: =IF(A33<=0.5,0,IF(A33<4.6,((fSW_target/65)*0.1223*(A33-0.5)^2),IF(A33<=5,((fSW_target/65)*2.056),"VCOMP MUST BE < 5"))) -> #REF! | D33: =B33*C33 -> #REF! | G33: fTYP | H33: =65*kHz -> 65000 | J33: VINnom | K33: =(Vacin_min+Vacin_max)/2 -> #REF!
A34: =A33+0.05 -> 1.45 | B34: =IF(A34<1,(0.068),IF(A34<2,(0.156*A34-0.088),IF(A34<4.5,(0.313*A34-0.401),IF(A34<=5,1.007,"VCOMP MUST BE < 5")))) -> 0.1382 | C34: =IF(A34<=0.5,0,IF(A34<4.6,((fSW_target/65)*0.1223*(A34-0.5)^2),IF(A34<=5,((fSW_target/65)*2.056),"VCOMP MUST BE < 5"))) -> #REF! | D34: =B34*C34 -> #REF!
A35: =A34+0.05 -> 1.5 | B35: =IF(A35<1,(0.068),IF(A35<2,(0.156*A35-0.088),IF(A35<4.5,(0.313*A35-0.401),IF(A35<=5,1.007,"VCOMP MUST BE < 5")))) -> 0.146 | C35: =IF(A35<=0.5,0,IF(A35<4.6,((fSW_target/65)*0.1223*(A35-0.5)^2),IF(A35<=5,((fSW_target/65)*2.056),"VCOMP MUST BE < 5"))) -> #REF! | D35: =B35*C35 -> #REF! | G35: M1M2 | H35: =(Iout*(Vout_nom^2)*2.5*Rsense*K_1)/(eff*(VINnom^2)*K_FQ)*us -> #REF! | J35: M1M2 | K35: =(Iout*(Vout_nom^2)*2.5*Rsense*K_1)/(eff*(Vacin_nom^2)*K_FQ)*us -> #REF!
A36: =A35+0.05 -> 1.55 | B36: =IF(A36<1,(0.068),IF(A36<2,(0.156*A36-0.088),IF(A36<4.5,(0.313*A36-0.401),IF(A36<=5,1.007,"VCOMP MUST BE < 5")))) -> 0.1538 | C36: =IF(A36<=0.5,0,IF(A36<4.6,((fSW_target/65)*0.1223*(A36-0.5)^2),IF(A36<=5,((fSW_target/65)*2.056),"VCOMP MUST BE < 5"))) -> #REF! | D36: =B36*C36 -> #REF!
A37: =A36+0.05 -> 1.6 | B37: =IF(A37<1,(0.068),IF(A37<2,(0.156*A37-0.088),IF(A37<4.5,(0.313*A37-0.401),IF(A37<=5,1.007,"VCOMP MUST BE < 5")))) -> 0.1616 | C37: =IF(A37<=0.5,0,IF(A37<4.6,((fSW_target/65)*0.1223*(A37-0.5)^2),IF(A37<=5,((fSW_target/65)*2.056),"VCOMP MUST BE < 5"))) -> #REF! | D37: =B37*C37 -> #REF! | G37: VCOMP1 | H37: =(1*10^-9*(5*10^8*SQRT(fsw*kHz)+(1.09655978*10^10)*SQRT(ftyp)*SQRT(M1M2)))/SQRT(fsw*kHz) -> #REF! | J37: VCOMP1 | K37: =(1*10^-9*(5*10^8*SQRT(fsw*kHz)+(1.09655978*10^10)*SQRT(ftyp)*SQRT(M1M2)))/SQRT(fsw*kHz) -> #REF!
A38: =A37+0.05 -> 1.65 | B38: =IF(A38<1,(0.068),IF(A38<2,(0.156*A38-0.088),IF(A38<4.5,(0.313*A38-0.401),IF(A38<=5,1.007,"VCOMP MUST BE < 5")))) -> 0.1694 | C38: =IF(A38<=0.5,0,IF(A38<4.6,((fSW_target/65)*0.1223*(A38-0.5)^2),IF(A38<=5,((fSW_target/65)*2.056),"VCOMP MUST BE < 5"))) -> #REF! | D38: =B38*C38 -> #REF!
A39: =A38+0.05 -> 1.7 | B39: =IF(A39<1,(0.068),IF(A39<2,(0.156*A39-0.088),IF(A39<4.5,(0.313*A39-0.401),IF(A39<=5,1.007,"VCOMP MUST BE < 5")))) -> 0.1772 | C39: =IF(A39<=0.5,0,IF(A39<4.6,((fSW_target/65)*0.1223*(A39-0.5)^2),IF(A39<=5,((fSW_target/65)*2.056),"VCOMP MUST BE < 5"))) -> #REF! | D39: =B39*C39 -> #REF! | G39: a1 | H39: 0.156 | J39: a1 | K39: 0.156
A40: =A39+0.05 -> 1.75 | B40: =IF(A40<1,(0.068),IF(A40<2,(0.156*A40-0.088),IF(A40<4.5,(0.313*A40-0.401),IF(A40<=5,1.007,"VCOMP MUST BE < 5")))) -> 0.185 | C40: =IF(A40<=0.5,0,IF(A40<4.6,((fSW_target/65)*0.1223*(A40-0.5)^2),IF(A40<=5,((fSW_target/65)*2.056),"VCOMP MUST BE < 5"))) -> #REF! | D40: =B40*C40 -> #REF! | G40: b1 | H40: 0.088 | J40: b1 | K40: 0.088
A41: =A40+0.05 -> 1.8 | B41: =IF(A41<1,(0.068),IF(A41<2,(0.156*A41-0.088),IF(A41<4.5,(0.313*A41-0.401),IF(A41<=5,1.007,"VCOMP MUST BE < 5")))) -> 0.1928 | C41: =IF(A41<=0.5,0,IF(A41<4.6,((fSW_target/65)*0.1223*(A41-0.5)^2),IF(A41<=5,((fSW_target/65)*2.056),"VCOMP MUST BE < 5"))) -> #REF! | D41: =B41*C41 -> #REF! | G41: c1 | H41: 0.1223 | J41: c1 | K41: 0.1223
A42: =A41+0.05 -> 1.85 | B42: =IF(A42<1,(0.068),IF(A42<2,(0.156*A42-0.088),IF(A42<4.5,(0.313*A42-0.401),IF(A42<=5,1.007,"VCOMP MUST BE < 5")))) -> 0.2006 | C42: =IF(A42<=0.5,0,IF(A42<4.6,((fSW_target/65)*0.1223*(A42-0.5)^2),IF(A42<=5,((fSW_target/65)*2.056),"VCOMP MUST BE < 5"))) -> #REF! | D42: =B42*C42 -> #REF! | G42: d1 | H42: 0.5 | J42: d1 | K42: 0.5
A43: =A42+0.05 -> 1.9 | B43: =IF(A43<1,(0.068),IF(A43<2,(0.156*A43-0.088),IF(A43<4.5,(0.313*A43-0.401),IF(A43<=5,1.007,"VCOMP MUST BE < 5")))) -> 0.2084 | C43: =IF(A43<=0.5,0,IF(A43<4.6,((fSW_target/65)*0.1223*(A43-0.5)^2),IF(A43<=5,((fSW_target/65)*2.056),"VCOMP MUST BE < 5"))) -> #REF! | D43: =B43*C43 -> #REF! | G43: K1V2 | H43: =(b_1^3/(27*a_1^3))-(d_1^3/27)+SQRT((ftyp)^2*M1M2^2/(4*a_1^2*c_1^2*(fsw*kHz)^2))+(b_1^3*(ftyp)*M1M2/(27*a_1^4*c_1*(fsw*kHz))-(d_1^3*(ftyp)*M1M2/(27*a_1*c_1*(fsw*kHz)))+(b_1*d_1^2*(ftyp)*M1M2/(9*a_1^2*c_1*(fsw*kHz)))-(b_1^2*d_1*(ftyp)*M1M2/(9*a_1^3*c_1*(fsw*kHz)))) -> #REF! | J43: K1V2 | K43: =(b_1^3/(27*a_1^3))-(d_1^3/27)+SQRT((ftyp)^2*M1M2^2/(4*a_1^2*c_1^2*(fsw*kHz)^2))+(b_1^3*(ftyp)*M1M2/(27*a_1^4*c_1*(fsw*kHz))-(d_1^3*(ftyp)*M1M2/(27*a_1*c_1*(fsw*kHz)))+(b_1*d_1^2*(ftyp)*M1M2/(9*a_1^2*c_1*(fsw*kHz)))-(b_1^2*d_1*(ftyp)*M1M2/(9*a_1^3*c_1*(fsw*kHz)))) -> #REF!
A44: =A43+0.05 -> 1.95 | B44: =IF(A44<1,(0.068),IF(A44<2,(0.156*A44-0.088),IF(A44<4.5,(0.313*A44-0.401),IF(A44<=5,1.007,"VCOMP MUST BE < 5")))) -> 0.2162 | C44: =IF(A44<=0.5,0,IF(A44<4.6,((fSW_target/65)*0.1223*(A44-0.5)^2),IF(A44<=5,((fSW_target/65)*2.056),"VCOMP MUST BE < 5"))) -> #REF! | D44: =B44*C44 -> #REF! | G44: K2V2 | H44: =(b_1*d_1^2/(9*a_1))-(b_1^2*d_1/(9*a_1^2))+(ftyp*M1M2/(2*a_1*c_1*fsw*kHz)) -> #REF! | J44: K2V2 | K44: =(b_1*d_1^2/(9*a_1))-(b_1^2*d_1/(9*a_1^2))+(ftyp*M1M2/(2*a_1*c_1*fsw*kHz)) -> #REF!
A45: =A44+0.05 -> 2 | B45: =IF(A45<1,(0.068),IF(A45<2,(0.156*A45-0.088),IF(A45<4.5,(0.313*A45-0.401),IF(A45<=5,1.007,"VCOMP MUST BE < 5")))) -> 0.225 | C45: =IF(A45<=0.5,0,IF(A45<4.6,((fSW_target/65)*0.1223*(A45-0.5)^2),IF(A45<=5,((fSW_target/65)*2.056),"VCOMP MUST BE < 5"))) -> #REF! | D45: =B45*C45 -> #REF! | G45: K3V2 | H45: =(d_1^2/9)+(b_1^2/(9*a_1^2))-(2*b_1*d_1/(9*a_1)) -> 0.00045657097 | J45: K3V2 | K45: =(d_1^2/9)+(b_1^2/(9*a_1^2))-(2*b_1*d_1/(9*a_1)) -> 0.00045657097
A46: =A45+0.05 -> 2.05 | B46: =IF(A46<1,(0.068),IF(A46<2,(0.156*A46-0.088),IF(A46<4.5,(0.313*A46-0.401),IF(A46<=5,1.007,"VCOMP MUST BE < 5")))) -> 0.24065 | C46: =IF(A46<=0.5,0,IF(A46<4.6,((fSW_target/65)*0.1223*(A46-0.5)^2),IF(A46<=5,((fSW_target/65)*2.056),"VCOMP MUST BE < 5"))) -> #REF! | D46: =B46*C46 -> #REF! | G46: K4V2 | H46: =((b_1*c_1*fsw*kHz)+(2*a_1*c_1*d_1*fsw*kHz))/(3*a_1*c_1*fsw*kHz) -> #REF! | J46: K4V2 | K46: =((b_1*c_1*fsw*kHz)+(2*a_1*c_1*d_1*fsw*kHz))/(3*a_1*c_1*fsw*kHz) -> #REF!
A47: =A46+0.05 -> 2.1 | B47: =IF(A47<1,(0.068),IF(A47<2,(0.156*A47-0.088),IF(A47<4.5,(0.313*A47-0.401),IF(A47<=5,1.007,"VCOMP MUST BE < 5")))) -> 0.2563 | C47: =IF(A47<=0.5,0,IF(A47<4.6,((fSW_target/65)*0.1223*(A47-0.5)^2),IF(A47<=5,((fSW_target/65)*2.056),"VCOMP MUST BE < 5"))) -> #REF! | D47: =B47*C47 -> #REF! | G47: VCOMP2 | H47: =(K_1V2+K_2V2)^(1/3)+(K_3V2/(K_1V2^(1/3)))+K_4V2 -> #REF! | J47: VCOMP2 | K47: =(K_1V2+K_2V2)^(1/3)+(K_3V2/(K_1V2^(1/3)))+K_4V2 -> #REF!
A48: =A47+0.05 -> 2.15 | B48: =IF(A48<1,(0.068),IF(A48<2,(0.156*A48-0.088),IF(A48<4.5,(0.313*A48-0.401),IF(A48<=5,1.007,"VCOMP MUST BE < 5")))) -> 0.27195 | C48: =IF(A48<=0.5,0,IF(A48<4.6,((fSW_target/65)*0.1223*(A48-0.5)^2),IF(A48<=5,((fSW_target/65)*2.056),"VCOMP MUST BE < 5"))) -> #REF! | D48: =B48*C48 -> #REF!
A49: =A48+0.05 -> 2.2 | B49: =IF(A49<1,(0.068),IF(A49<2,(0.156*A49-0.088),IF(A49<4.5,(0.313*A49-0.401),IF(A49<=5,1.007,"VCOMP MUST BE < 5")))) -> 0.2876 | C49: =IF(A49<=0.5,0,IF(A49<4.6,((fSW_target/65)*0.1223*(A49-0.5)^2),IF(A49<=5,((fSW_target/65)*2.056),"VCOMP MUST BE < 5"))) -> #REF! | D49: =B49*C49 -> #REF! | G49: a2 | H49: 0.313 | J49: a2 | K49: 0.313
A50: =A49+0.05 -> 2.25 | B50: =IF(A50<1,(0.068),IF(A50<2,(0.156*A50-0.088),IF(A50<4.5,(0.313*A50-0.401),IF(A50<=5,1.007,"VCOMP MUST BE < 5")))) -> 0.30325 | C50: =IF(A50<=0.5,0,IF(A50<4.6,((fSW_target/65)*0.1223*(A50-0.5)^2),IF(A50<=5,((fSW_target/65)*2.056),"VCOMP MUST BE < 5"))) -> #REF! | D50: =B50*C50 -> #REF! | G50: b2 | H50: 0.401 | J50: b2 | K50: 0.401
A51: =A50+0.05 -> 2.3 | B51: =IF(A51<1,(0.068),IF(A51<2,(0.156*A51-0.088),IF(A51<4.5,(0.313*A51-0.401),IF(A51<=5,1.007,"VCOMP MUST BE < 5")))) -> 0.3189 | C51: =IF(A51<=0.5,0,IF(A51<4.6,((fSW_target/65)*0.1223*(A51-0.5)^2),IF(A51<=5,((fSW_target/65)*2.056),"VCOMP MUST BE < 5"))) -> #REF! | D51: =B51*C51 -> #REF! | G51: c2 | H51: 0.1223 | J51: c2 | K51: 0.1223
A52: =A51+0.05 -> 2.35 | B52: =IF(A52<1,(0.068),IF(A52<2,(0.156*A52-0.088),IF(A52<4.5,(0.313*A52-0.401),IF(A52<=5,1.007,"VCOMP MUST BE < 5")))) -> 0.33455 | C52: =IF(A52<=0.5,0,IF(A52<4.6,((fSW_target/65)*0.1223*(A52-0.5)^2),IF(A52<=5,((fSW_target/65)*2.056),"VCOMP MUST BE < 5"))) -> #REF! | D52: =B52*C52 -> #REF! | G52: d2 | H52: 0.5 | J52: d2 | K52: 0.5
A53: =A52+0.05 -> 2.4 | B53: =IF(A53<1,(0.068),IF(A53<2,(0.156*A53-0.088),IF(A53<4.5,(0.313*A53-0.401),IF(A53<=5,1.007,"VCOMP MUST BE < 5")))) -> 0.3502 | C53: =IF(A53<=0.5,0,IF(A53<4.6,((fSW_target/65)*0.1223*(A53-0.5)^2),IF(A53<=5,((fSW_target/65)*2.056),"VCOMP MUST BE < 5"))) -> #REF! | D53: =B53*C53 -> #REF! | G53: K1V3 | H53: =(b_2^3/(27*a_2^3))-(d_2^3/27) -> 0.073252235 | J53: K1V3 | K53: =(b_2^3/(27*a_2^3))-(d_2^3/27) -> 0.073252235
A54: =A53+0.05 -> 2.45 | B54: =IF(A54<1,(0.068),IF(A54<2,(0.156*A54-0.088),IF(A54<4.5,(0.313*A54-0.401),IF(A54<=5,1.007,"VCOMP MUST BE < 5")))) -> 0.36585 | C54: =IF(A54<=0.5,0,IF(A54<4.6,((fSW_target/65)*0.1223*(A54-0.5)^2),IF(A54<=5,((fSW_target/65)*2.056),"VCOMP MUST BE < 5"))) -> #REF! | D54: =B54*C54 -> #REF! | G54: K2V3 | H54: =(ftyp^2*M1M2^2/(4*a_2^2*c_2^2*(fsw*kHz)^2))+(b_2^3*ftyp*M1M2/(27*a_2^4*c_2*(fsw*kHz)))-(d_2^3*ftyp*M1M2/(27*a_2*c_2*(fsw*kHz)))+(b_2*d_2^2*ftyp*M1M2/(9*a_2^2*c_2*(fsw*kHz)))-(b_2^2*d_2*ftyp*M1M2/(9*a_2^3*c_2*(fsw*kHz))) -> #REF! | J54: K2V3 | K54: =(ftyp^2*M1M2^2/(4*a_2^2*c_2^2*(fsw*kHz)^2))+(b_2^3*ftyp*M1M2/(27*a_2^4*c_2*(fsw*kHz)))-(d_2^3*ftyp*M1M2/(27*a_2*c_2*(fsw*kHz)))+(b_2*d_2^2*ftyp*M1M2/(9*a_2^2*c_2*(fsw*kHz)))-(b_2^2*d_2*ftyp*M1M2/(9*a_2^3*c_2*(fsw*kHz))) -> #REF!
A55: =A54+0.05 -> 2.5 | B55: =IF(A55<1,(0.068),IF(A55<2,(0.156*A55-0.088),IF(A55<4.5,(0.313*A55-0.401),IF(A55<=5,1.007,"VCOMP MUST BE < 5")))) -> 0.3815 | C55: =IF(A55<=0.5,0,IF(A55<4.6,((fSW_target/65)*0.1223*(A55-0.5)^2),IF(A55<=5,((fSW_target/65)*2.056),"VCOMP MUST BE < 5"))) -> #REF! | D55: =B55*C55 -> #REF! | G55: K3V3 | H55: =(b_2*d_2^2/(9*a_2))-(b_2^2*d_2/(9*a_2^2))+(ftyp*M1M2/(2*a_2*c_2*(fsw*kHz))) -> #REF! | J55: K3V3 | K55: =(b_2*d_2^2/(9*a_2))-(b_2^2*d_2/(9*a_2^2))+(ftyp*M1M2/(2*a_2*c_2*(fsw*kHz))) -> #REF!
A56: =A55+0.05 -> 2.55 | B56: =IF(A56<1,(0.068),IF(A56<2,(0.156*A56-0.088),IF(A56<4.5,(0.313*A56-0.401),IF(A56<=5,1.007,"VCOMP MUST BE < 5")))) -> 0.39715 | C56: =IF(A56<=0.5,0,IF(A56<4.6,((fSW_target/65)*0.1223*(A56-0.5)^2),IF(A56<=5,((fSW_target/65)*2.056),"VCOMP MUST BE < 5"))) -> #REF! | D56: =B56*C56 -> #REF! | G56: K4V3 | H56: =(d_2^2/9)+(b_2^2/(9*a_2^2))-(2*b_2*d_2/(9*a_2)) -> 0.067799508 | J56: K4V3 | K56: =(d_2^2/9)+(b_2^2/(9*a_2^2))-(2*b_2*d_2/(9*a_2)) -> 0.067799508
A57: =A56+0.05 -> 2.6 | B57: =IF(A57<1,(0.068),IF(A57<2,(0.156*A57-0.088),IF(A57<4.5,(0.313*A57-0.401),IF(A57<=5,1.007,"VCOMP MUST BE < 5")))) -> 0.4128 | C57: =IF(A57<=0.5,0,IF(A57<4.6,((fSW_target/65)*0.1223*(A57-0.5)^2),IF(A57<=5,((fSW_target/65)*2.056),"VCOMP MUST BE < 5"))) -> #REF! | D57: =B57*C57 -> #REF! | G57: K5V3 | H57: =(b_2*c_2*(fsw*kHz)+2*a_2*c_2*d_2*(fsw*kHz))/(3*a_2*c_2*(fsw*kHz)) -> #REF! | J57: K5V3 | K57: =(b_2*c_2*(fsw*kHz)+2*a_2*c_2*d_2*(fsw*kHz))/(3*a_2*c_2*(fsw*kHz)) -> #REF!
A58: =A57+0.05 -> 2.65 | B58: =IF(A58<1,(0.068),IF(A58<2,(0.156*A58-0.088),IF(A58<4.5,(0.313*A58-0.401),IF(A58<=5,1.007,"VCOMP MUST BE < 5")))) -> 0.42845 | C58: =IF(A58<=0.5,0,IF(A58<4.6,((fSW_target/65)*0.1223*(A58-0.5)^2),IF(A58<=5,((fSW_target/65)*2.056),"VCOMP MUST BE < 5"))) -> #REF! | D58: =B58*C58 -> #REF! | G58: VCOMP3 | H58: =((K_1V3+SQRT(K_2V3)+K_3V3)^(1/3))+(K_4V3/((K_1V3+SQRT(K_2V3)+K_3V3)^(1/3)))+K_5V3 -> #REF! | J58: VCOMP3 | K58: =((K_1V3+SQRT(K_2V3)+K_3V3)^(1/3))+(K_4V3/((K_1V3+SQRT(K_2V3)+K_3V3)^(1/3)))+K_5V3 -> #REF!
A59: =A58+0.05 -> 2.7 | B59: =IF(A59<1,(0.068),IF(A59<2,(0.156*A59-0.088),IF(A59<4.5,(0.313*A59-0.401),IF(A59<=5,1.007,"VCOMP MUST BE < 5")))) -> 0.4441 | C59: =IF(A59<=0.5,0,IF(A59<4.6,((fSW_target/65)*0.1223*(A59-0.5)^2),IF(A59<=5,((fSW_target/65)*2.056),"VCOMP MUST BE < 5"))) -> #REF! | D59: =B59*C59 -> #REF!
A60: =A59+0.05 -> 2.75 | B60: =IF(A60<1,(0.068),IF(A60<2,(0.156*A60-0.088),IF(A60<4.5,(0.313*A60-0.401),IF(A60<=5,1.007,"VCOMP MUST BE < 5")))) -> 0.45975 | C60: =IF(A60<=0.5,0,IF(A60<4.6,((fSW_target/65)*0.1223*(A60-0.5)^2),IF(A60<=5,((fSW_target/65)*2.056),"VCOMP MUST BE < 5"))) -> #REF! | D60: =B60*C60 -> #REF! | G60: a3 | H60: 1.007 | J60: a3 | K60: 1.007
A61: =A60+0.05 -> 2.8 | B61: =IF(A61<1,(0.068),IF(A61<2,(0.156*A61-0.088),IF(A61<4.5,(0.313*A61-0.401),IF(A61<=5,1.007,"VCOMP MUST BE < 5")))) -> 0.4754 | C61: =IF(A61<=0.5,0,IF(A61<4.6,((fSW_target/65)*0.1223*(A61-0.5)^2),IF(A61<=5,((fSW_target/65)*2.056),"VCOMP MUST BE < 5"))) -> #REF! | D61: =B61*C61 -> #REF! | G61: b3 | H61: 0.1223 | J61: b3 | K61: 0.1223
A62: =A61+0.05 -> 2.85 | B62: =IF(A62<1,(0.068),IF(A62<2,(0.156*A62-0.088),IF(A62<4.5,(0.313*A62-0.401),IF(A62<=5,1.007,"VCOMP MUST BE < 5")))) -> 0.49105 | C62: =IF(A62<=0.5,0,IF(A62<4.6,((fSW_target/65)*0.1223*(A62-0.5)^2),IF(A62<=5,((fSW_target/65)*2.056),"VCOMP MUST BE < 5"))) -> #REF! | D62: =B62*C62 -> #REF! | G62: c3 | H62: 0.5 | J62: c3 | K62: 0.5
A63: =A62+0.05 -> 2.9 | B63: =IF(A63<1,(0.068),IF(A63<2,(0.156*A63-0.088),IF(A63<4.5,(0.313*A63-0.401),IF(A63<=5,1.007,"VCOMP MUST BE < 5")))) -> 0.5067 | C63: =IF(A63<=0.5,0,IF(A63<4.6,((fSW_target/65)*0.1223*(A63-0.5)^2),IF(A63<=5,((fSW_target/65)*2.056),"VCOMP MUST BE < 5"))) -> #REF! | D63: =B63*C63 -> #REF! | G63: VCOMP4 | H63: =c_3+(SQRT(ftyp)*SQRT(M1M2)/(SQRT(a_3)*SQRT(b_3)*SQRT(fsw*kHz))) -> #REF! | J63: VCOMP4 | K63: =c_3+(SQRT(ftyp)*SQRT(M1M2)/(SQRT(a_3)*SQRT(b_3)*SQRT(fsw*kHz))) -> #REF!
A64: =A63+0.05 -> 2.95 | B64: =IF(A64<1,(0.068),IF(A64<2,(0.156*A64-0.088),IF(A64<4.5,(0.313*A64-0.401),IF(A64<=5,1.007,"VCOMP MUST BE < 5")))) -> 0.52235 | C64: =IF(A64<=0.5,0,IF(A64<4.6,((fSW_target/65)*0.1223*(A64-0.5)^2),IF(A64<=5,((fSW_target/65)*2.056),"VCOMP MUST BE < 5"))) -> #REF! | D64: =B64*C64 -> #REF!
A65: =A64+0.05 -> 3 | B65: =IF(A65<1,(0.068),IF(A65<2,(0.156*A65-0.088),IF(A65<4.5,(0.313*A65-0.401),IF(A65<=5,1.007,"VCOMP MUST BE < 5")))) -> 0.538 | C65: =IF(A65<=0.5,0,IF(A65<4.6,((fSW_target/65)*0.1223*(A65-0.5)^2),IF(A65<=5,((fSW_target/65)*2.056),"VCOMP MUST BE < 5"))) -> #REF! | D65: =B65*C65 -> #REF! | G65: a4 | H65: 1.007 | J65: a4 | K65: 1.007
A66: =A65+0.05 -> 3.05 | B66: =IF(A66<1,(0.068),IF(A66<2,(0.156*A66-0.088),IF(A66<4.5,(0.313*A66-0.401),IF(A66<=5,1.007,"VCOMP MUST BE < 5")))) -> 0.55365 | C66: =IF(A66<=0.5,0,IF(A66<4.6,((fSW_target/65)*0.1223*(A66-0.5)^2),IF(A66<=5,((fSW_target/65)*2.056),"VCOMP MUST BE < 5"))) -> #REF! | D66: =B66*C66 -> #REF! | G66: b4 | H66: 2.056 | J66: b4 | K66: 2.056
A67: =A66+0.05 -> 3.1 | B67: =IF(A67<1,(0.068),IF(A67<2,(0.156*A67-0.088),IF(A67<4.5,(0.313*A67-0.401),IF(A67<=5,1.007,"VCOMP MUST BE < 5")))) -> 0.5693 | C67: =IF(A67<=0.5,0,IF(A67<4.6,((fSW_target/65)*0.1223*(A67-0.5)^2),IF(A67<=5,((fSW_target/65)*2.056),"VCOMP MUST BE < 5"))) -> #REF! | D67: =B67*C67 -> #REF! | G67: VCOMP5 | H67: =(a_4*(fsw*kHz)*b_4/ftyp) -> #REF! | J67: VCOMP5 | K67: =(a_4*(fsw*kHz)*b_4/ftyp) -> #REF!
A68: =A67+0.05 -> 3.15 | B68: =IF(A68<1,(0.068),IF(A68<2,(0.156*A68-0.088),IF(A68<4.5,(0.313*A68-0.401),IF(A68<=5,1.007,"VCOMP MUST BE < 5")))) -> 0.58495 | C68: =IF(A68<=0.5,0,IF(A68<4.6,((fSW_target/65)*0.1223*(A68-0.5)^2),IF(A68<=5,((fSW_target/65)*2.056),"VCOMP MUST BE < 5"))) -> #REF! | D68: =B68*C68 -> #REF!
A69: =A68+0.05 -> 3.2 | B69: =IF(A69<1,(0.068),IF(A69<2,(0.156*A69-0.088),IF(A69<4.5,(0.313*A69-0.401),IF(A69<=5,1.007,"VCOMP MUST BE < 5")))) -> 0.6006 | C69: =IF(A69<=0.5,0,IF(A69<4.6,((fSW_target/65)*0.1223*(A69-0.5)^2),IF(A69<=5,((fSW_target/65)*2.056),"VCOMP MUST BE < 5"))) -> #REF! | D69: =B69*C69 -> #REF! | G69: VCOMP = | H69: =IF(VCOMP1>=0.5,IF(VCOMP1<1,VCOMP1,IF(VCOMP2>=1,IF(VCOMP2<2,VCOMP2,IF(VCOMP3>=2,IF(VCOMP3<4.5,VCOMP3,IF(VCOMP4>=4.5,IF(VCOMP4<4.6,VCOMP4,VCOMP5)))))))) -> #REF! | J69: VCOMP = | K69: =IF(VCOMP1>=0.5,IF(VCOMP1<1,VCOMP1,IF(VCOMP2>=1,IF(VCOMP2<2,VCOMP2,IF(VCOMP3>=2,IF(VCOMP3<4.5,VCOMP3,IF(VCOMP4>=4.5,IF(VCOMP4<4.6,VCOMP4,VCOMP5)))))))) -> #REF!
A70: =A69+0.05 -> 3.25 | B70: =IF(A70<1,(0.068),IF(A70<2,(0.156*A70-0.088),IF(A70<4.5,(0.313*A70-0.401),IF(A70<=5,1.007,"VCOMP MUST BE < 5")))) -> 0.61625 | C70: =IF(A70<=0.5,0,IF(A70<4.6,((fSW_target/65)*0.1223*(A70-0.5)^2),IF(A70<=5,((fSW_target/65)*2.056),"VCOMP MUST BE < 5"))) -> #REF! | D70: =B70*C70 -> #REF!
A71: =A70+0.05 -> 3.3 | B71: =IF(A71<1,(0.068),IF(A71<2,(0.156*A71-0.088),IF(A71<4.5,(0.313*A71-0.401),IF(A71<=5,1.007,"VCOMP MUST BE < 5")))) -> 0.6319 | C71: =IF(A71<=0.5,0,IF(A71<4.6,((fSW_target/65)*0.1223*(A71-0.5)^2),IF(A71<=5,((fSW_target/65)*2.056),"VCOMP MUST BE < 5"))) -> #REF! | D71: =B71*C71 -> #REF!
A72: =A71+0.05 -> 3.35 | B72: =IF(A72<1,(0.068),IF(A72<2,(0.156*A72-0.088),IF(A72<4.5,(0.313*A72-0.401),IF(A72<=5,1.007,"VCOMP MUST BE < 5")))) -> 0.64755 | C72: =IF(A72<=0.5,0,IF(A72<4.6,((fSW_target/65)*0.1223*(A72-0.5)^2),IF(A72<=5,((fSW_target/65)*2.056),"VCOMP MUST BE < 5"))) -> #REF! | D72: =B72*C72 -> #REF!
A73: =A72+0.05 -> 3.4 | B73: =IF(A73<1,(0.068),IF(A73<2,(0.156*A73-0.088),IF(A73<4.5,(0.313*A73-0.401),IF(A73<=5,1.007,"VCOMP MUST BE < 5")))) -> 0.6632 | C73: =IF(A73<=0.5,0,IF(A73<4.6,((fSW_target/65)*0.1223*(A73-0.5)^2),IF(A73<=5,((fSW_target/65)*2.056),"VCOMP MUST BE < 5"))) -> #REF! | D73: =B73*C73 -> #REF!
A74: =A73+0.05 -> 3.45 | B74: =IF(A74<1,(0.068),IF(A74<2,(0.156*A74-0.088),IF(A74<4.5,(0.313*A74-0.401),IF(A74<=5,1.007,"VCOMP MUST BE < 5")))) -> 0.67885 | C74: =IF(A74<=0.5,0,IF(A74<4.6,((fSW_target/65)*0.1223*(A74-0.5)^2),IF(A74<=5,((fSW_target/65)*2.056),"VCOMP MUST BE < 5"))) -> #REF! | D74: =B74*C74 -> #REF!
A75: =A74+0.05 -> 3.5 | B75: =IF(A75<1,(0.068),IF(A75<2,(0.156*A75-0.088),IF(A75<4.5,(0.313*A75-0.401),IF(A75<=5,1.007,"VCOMP MUST BE < 5")))) -> 0.6945 | C75: =IF(A75<=0.5,0,IF(A75<4.6,((fSW_target/65)*0.1223*(A75-0.5)^2),IF(A75<=5,((fSW_target/65)*2.056),"VCOMP MUST BE < 5"))) -> #REF! | D75: =B75*C75 -> #REF!
A76: =A75+0.05 -> 3.55 | B76: =IF(A76<1,(0.068),IF(A76<2,(0.156*A76-0.088),IF(A76<4.5,(0.313*A76-0.401),IF(A76<=5,1.007,"VCOMP MUST BE < 5")))) -> 0.71015 | C76: =IF(A76<=0.5,0,IF(A76<4.6,((fSW_target/65)*0.1223*(A76-0.5)^2),IF(A76<=5,((fSW_target/65)*2.056),"VCOMP MUST BE < 5"))) -> #REF! | D76: =B76*C76 -> #REF!
A77: =A76+0.05 -> 3.6 | B77: =IF(A77<1,(0.068),IF(A77<2,(0.156*A77-0.088),IF(A77<4.5,(0.313*A77-0.401),IF(A77<=5,1.007,"VCOMP MUST BE < 5")))) -> 0.7258 | C77: =IF(A77<=0.5,0,IF(A77<4.6,((fSW_target/65)*0.1223*(A77-0.5)^2),IF(A77<=5,((fSW_target/65)*2.056),"VCOMP MUST BE < 5"))) -> #REF! | D77: =B77*C77 -> #REF!
A78: =A77+0.05 -> 3.65 | B78: =IF(A78<1,(0.068),IF(A78<2,(0.156*A78-0.088),IF(A78<4.5,(0.313*A78-0.401),IF(A78<=5,1.007,"VCOMP MUST BE < 5")))) -> 0.74145 | C78: =IF(A78<=0.5,0,IF(A78<4.6,((fSW_target/65)*0.1223*(A78-0.5)^2),IF(A78<=5,((fSW_target/65)*2.056),"VCOMP MUST BE < 5"))) -> #REF! | D78: =B78*C78 -> #REF!
A79: =A78+0.05 -> 3.7 | B79: =IF(A79<1,(0.068),IF(A79<2,(0.156*A79-0.088),IF(A79<4.5,(0.313*A79-0.401),IF(A79<=5,1.007,"VCOMP MUST BE < 5")))) -> 0.7571 | C79: =IF(A79<=0.5,0,IF(A79<4.6,((fSW_target/65)*0.1223*(A79-0.5)^2),IF(A79<=5,((fSW_target/65)*2.056),"VCOMP MUST BE < 5"))) -> #REF! | D79: =B79*C79 -> #REF!
A80: =A79+0.05 -> 3.75 | B80: =IF(A80<1,(0.068),IF(A80<2,(0.156*A80-0.088),IF(A80<4.5,(0.313*A80-0.401),IF(A80<=5,1.007,"VCOMP MUST BE < 5")))) -> 0.77275 | C80: =IF(A80<=0.5,0,IF(A80<4.6,((fSW_target/65)*0.1223*(A80-0.5)^2),IF(A80<=5,((fSW_target/65)*2.056),"VCOMP MUST BE < 5"))) -> #REF! | D80: =B80*C80 -> #REF!
A81: =A80+0.05 -> 3.8 | B81: =IF(A81<1,(0.068),IF(A81<2,(0.156*A81-0.088),IF(A81<4.5,(0.313*A81-0.401),IF(A81<=5,1.007,"VCOMP MUST BE < 5")))) -> 0.7884 | C81: =IF(A81<=0.5,0,IF(A81<4.6,((fSW_target/65)*0.1223*(A81-0.5)^2),IF(A81<=5,((fSW_target/65)*2.056),"VCOMP MUST BE < 5"))) -> #REF! | D81: =B81*C81 -> #REF!
... A105: =A104+0.05 -> 5 | B105: =IF(A105<1,(0.068),IF(A105<2,(0.156*A105-0.088),IF(A105<4.5,(0.313*A105-0.401),IF(A105<=5,1.007,"VCOMP MUST BE < 5")))) -> 1.007 | C105: =IF(A105<=0.5,0,IF(A105<4.6,((fSW_target/65)*0.1223*(A105-0.5)^2),IF(A105<=5,((fSW_target/65)*2.056),"VCOMP MUST BE < 5"))) -> #REF! | D105: =B105*C105 -> #REF!
A110: Data For Current Averaging Bode Plot | G110: Data For Open Loop Voltage Bode Plot | P110: Data for Closed Loop Voltage Bode Plot
A111: Log scale converter | G111: Log scale converter | O111: Total Open Loop Phase | P111: EA Gain | R111: Total Closed Voltage Loop Bode Plot
B112: frequency | C112: w | D112: Gain | F112: Phase | H112: frequency | I112: w | J112: Voltage Feedback Gain | K112: PWM to Power Stage Gain | M112: Total Open Loop Gain | Q112: dB | S112: dB | T112: Phase Margin
B113: Hz | C113: rad | E113: dB | F113: degrees | H113: Hz | I113: rad | J113: V/V | L113: dB | N113: dB | O113: degrees | W113: 1+sRVCOMPCVCOMP | X113: s(CVCOMP+CVCOMP_P) | Y113: 1+S(rvcompcvcompcvcomp_p/CVCOMP+CVCOMPP)
A114: 1 | B114: =10^A114 -> 10 | C114: =2*PI()*B114 -> 62.831853 | D114: =IMDIV((K_1*2.5*Rsense*Vout_nom)/(K_FQ*M_1*(M_2/us)*Lbst*mH),IMPRODUCT((COMPLEX(0,C114*1)),COMPLEX(1,(C114/(2*PI()*fiavg*kHz))))) -> #REF! | E114: =20*LOG(IMABS(D114)) -> #REF! | F114: =IMARGUMENT(D114)*180/(PI()) -> #REF! | G114: -2 | H114: =10^G114 -> 0.01 | I114: =2*PI()*H114 -> 0.062831853 | J114: =(R_fb2*kOhms)/((R_fb1*MegOhm)+(R_fb2*kOhms)) -> #REF! | K114: =IMDIV(((M_3/us)*Vout_nom)/(M1M2/us),COMPLEX(1,(I114/(2*PI()*fPWM_PSpole)))) -> #REF! | L114: =20*LOG(IMABS(K114)) -> #REF! | M114: =IMPRODUCT(J114,K114) -> #REF! | N114: =20*LOG(IMABS(M114)) -> #REF! | O114: =180/PI()*IMARGUMENT(M114) -> #REF! | P114: =IMPRODUCT(gmv,IMDIV((COMPLEX(1,I114*(Rvcomp*kOhms)*(Cvcomp*uF))),IMPRODUCT((COMPLEX(0,data!I114*((Cvcomp*uF)+(Cvcomp_p*uF)))),(COMPLEX(1,I114*((Rvcomp*kOhms)*(Cvcomp*uF)*(Cvcomp_p*uF))/((Cvcomp*uF)+(Cvcomp_p*uF))))))) -> #REF! | Q114: =20*LOG(IMABS(P114)) -> #REF! | R114: =IMPRODUCT((M114),(P114)) -> #REF! | S114: =20*LOG(IMABS(R114)) -> #REF! | T114: =(180/PI()*IMARGUMENT(R114))+180 -> #REF! | W114: =COMPLEX(1,I114*(#REF!*10^3)*(#REF!*10^-6)) -> #REF! | X114: =COMPLEX(0,data!I114*((#REF!*10^-6)+(#REF!*10^-6))) -> #REF! | Y114: =COMPLEX(1,I114*((#REF!*10^3)*(#REF!*10^-6)*(#REF!*10^-6))/((#REF!*10^-6)+(#REF!*10^-6))) -> #REF!
A115: 1.1 | B115: =10^A115 -> 12.589254 | C115: =2*PI()*B115 -> 79.100617 | D115: =IMDIV((K_1*2.5*Rsense*Vout_nom)/(K_FQ*M_1*(M_2/us)*Lbst*mH),IMPRODUCT((COMPLEX(0,C115*1)),COMPLEX(1,(C115/(2*PI()*fiavg*kHz))))) -> #REF! | E115: =20*LOG(IMABS(D115)) -> #REF! | F115: =180/PI()*IMARGUMENT(D115) -> #REF! | G115: -1.9 | H115: =10^G115 -> 0.012589254 | I115: =2*PI()*H115 -> 0.079100617 | J115: =(R_fb2*kOhms)/((R_fb1*MegOhm)+(R_fb2*kOhms)) -> #REF! | K115: =IMDIV(((M_3/us)*Vout_nom)/(M1M2/us),COMPLEX(1,(I115/(2*PI()*fPWM_PSpole)))) -> #REF! | L115: =20*LOG(IMABS(K115)) -> #REF! | M115: =IMPRODUCT(J115,K115) -> #REF! | N115: =20*LOG(IMABS(M115)) -> #REF! | O115: =180/PI()*IMARGUMENT(M115) -> #REF! | P115: =IMPRODUCT(gmv,IMDIV((COMPLEX(1,I115*(Rvcomp*kOhms)*(Cvcomp*uF))),IMPRODUCT((COMPLEX(0,data!I115*((Cvcomp*uF)+(Cvcomp_p*uF)))),(COMPLEX(1,I115*((Rvcomp*kOhms)*(Cvcomp*uF)*(Cvcomp_p*uF))/((Cvcomp*uF)+(Cvcomp_p*uF))))))) -> #REF! | Q115: =20*LOG(IMABS(P115)) -> #REF! | R115: =IMPRODUCT((M115),(P115)) -> #REF! | S115: =20*LOG(IMABS(R115)) -> #REF! | T115: =(180/PI()*IMARGUMENT(R115))+180 -> #REF!
A116: 1.2 | B116: =10^A116 -> 15.848932 | C116: =2*PI()*B116 -> 99.581776 | D116: =IMDIV((K_1*2.5*Rsense*Vout_nom)/(K_FQ*M_1*(M_2/us)*Lbst*mH),IMPRODUCT((COMPLEX(0,C116*1)),COMPLEX(1,(C116/(2*PI()*fiavg*kHz))))) -> #REF! | E116: =20*LOG(IMABS(D116)) -> #REF! | F116: =180/PI()*IMARGUMENT(D116) -> #REF! | G116: -1.8 | H116: =10^G116 -> 0.015848932 | I116: =2*PI()*H116 -> 0.099581776 | J116: =(R_fb2*kOhms)/((R_fb1*MegOhm)+(R_fb2*kOhms)) -> #REF! | K116: =IMDIV(((M_3/us)*Vout_nom)/(M1M2/us),COMPLEX(1,(I116/(2*PI()*fPWM_PSpole)))) -> #REF! | L116: =20*LOG(IMABS(K116)) -> #REF! | M116: =IMPRODUCT(J116,K116) -> #REF! | N116: =20*LOG(IMABS(M116)) -> #REF! | O116: =180/PI()*IMARGUMENT(M116) -> #REF! | P116: =IMPRODUCT(gmv,IMDIV((COMPLEX(1,I116*(Rvcomp*kOhms)*(Cvcomp*uF))),IMPRODUCT((COMPLEX(0,data!I116*((Cvcomp*uF)+(Cvcomp_p*uF)))),(COMPLEX(1,I116*((Rvcomp*kOhms)*(Cvcomp*uF)*(Cvcomp_p*uF))/((Cvcomp*uF)+(Cvcomp_p*uF))))))) -> #REF! | Q116: =20*LOG(IMABS(P116)) -> #REF! | R116: =IMPRODUCT((M116),(P116)) -> #REF! | S116: =20*LOG(IMABS(R116)) -> #REF! | T116: =(180/PI()*IMARGUMENT(R116))+180 -> #REF!
A117: 1.3 | B117: =10^A117 -> 19.952623 | C117: =2*PI()*B117 -> 125.36603 | D117: =IMDIV((K_1*2.5*Rsense*Vout_nom)/(K_FQ*M_1*(M_2/us)*Lbst*mH),IMPRODUCT((COMPLEX(0,C117*1)),COMPLEX(1,(C117/(2*PI()*fiavg*kHz))))) -> #REF! | E117: =20*LOG(IMABS(D117)) -> #REF! | F117: =180/PI()*IMARGUMENT(D117) -> #REF! | G117: -1.7 | H117: =10^G117 -> 0.019952623 | I117: =2*PI()*H117 -> 0.12536603 | J117: =(R_fb2*kOhms)/((R_fb1*MegOhm)+(R_fb2*kOhms)) -> #REF! | K117: =IMDIV(((M_3/us)*Vout_nom)/(M1M2/us),COMPLEX(1,(I117/(2*PI()*fPWM_PSpole)))) -> #REF! | L117: =20*LOG(IMABS(K117)) -> #REF! | M117: =IMPRODUCT(J117,K117) -> #REF! | N117: =20*LOG(IMABS(M117)) -> #REF! | O117: =180/PI()*IMARGUMENT(M117) -> #REF! | P117: =IMPRODUCT(gmv,IMDIV((COMPLEX(1,I117*(Rvcomp*kOhms)*(Cvcomp*uF))),IMPRODUCT((COMPLEX(0,data!I117*((Cvcomp*uF)+(Cvcomp_p*uF)))),(COMPLEX(1,I117*((Rvcomp*kOhms)*(Cvcomp*uF)*(Cvcomp_p*uF))/((Cvcomp*uF)+(Cvcomp_p*uF))))))) -> #REF! | Q117: =20*LOG(IMABS(P117)) -> #REF! | R117: =IMPRODUCT((M117),(P117)) -> #REF! | S117: =20*LOG(IMABS(R117)) -> #REF! | T117: =(180/PI()*IMARGUMENT(R117))+180 -> #REF!
A118: 1.4 | B118: =10^A118 -> 25.118864 | C118: =2*PI()*B118 -> 157.82648 | D118: =IMDIV((K_1*2.5*Rsense*Vout_nom)/(K_FQ*M_1*(M_2/us)*Lbst*mH),IMPRODUCT((COMPLEX(0,C118*1)),COMPLEX(1,(C118/(2*PI()*fiavg*kHz))))) -> #REF! | E118: =20*LOG(IMABS(D118)) -> #REF! | F118: =180/PI()*IMARGUMENT(D118) -> #REF! | G118: -1.6 | H118: =10^G118 -> 0.025118864 | I118: =2*PI()*H118 -> 0.15782648 | J118: =(R_fb2*kOhms)/((R_fb1*MegOhm)+(R_fb2*kOhms)) -> #REF! | K118: =IMDIV(((M_3/us)*Vout_nom)/(M1M2/us),COMPLEX(1,(I118/(2*PI()*fPWM_PSpole)))) -> #REF! | L118: =20*LOG(IMABS(K118)) -> #REF! | M118: =IMPRODUCT(J118,K118) -> #REF! | N118: =20*LOG(IMABS(M118)) -> #REF! | O118: =180/PI()*IMARGUMENT(M118) -> #REF! | P118: =IMPRODUCT(gmv,IMDIV((COMPLEX(1,I118*(Rvcomp*kOhms)*(Cvcomp*uF))),IMPRODUCT((COMPLEX(0,data!I118*((Cvcomp*uF)+(Cvcomp_p*uF)))),(COMPLEX(1,I118*((Rvcomp*kOhms)*(Cvcomp*uF)*(Cvcomp_p*uF))/((Cvcomp*uF)+(Cvcomp_p*uF))))))) -> #REF! | Q118: =20*LOG(IMABS(P118)) -> #REF! | R118: =IMPRODUCT((M118),(P118)) -> #REF! | S118: =20*LOG(IMABS(R118)) -> #REF! | T118: =(180/PI()*IMARGUMENT(R118))+180 -> #REF!
A119: 1.5 | B119: =10^A119 -> 31.622777 | C119: =2*PI()*B119 -> 198.69177 | D119: =IMDIV((K_1*2.5*Rsense*Vout_nom)/(K_FQ*M_1*(M_2/us)*Lbst*mH),IMPRODUCT((COMPLEX(0,C119*1)),COMPLEX(1,(C119/(2*PI()*fiavg*kHz))))) -> #REF! | E119: =20*LOG(IMABS(D119)) -> #REF! | F119: =180/PI()*IMARGUMENT(D119) -> #REF! | G119: -1.5 | H119: =10^G119 -> 0.031622777 | I119: =2*PI()*H119 -> 0.19869177 | J119: =(R_fb2*kOhms)/((R_fb1*MegOhm)+(R_fb2*kOhms)) -> #REF! | K119: =IMDIV(((M_3/us)*Vout_nom)/(M1M2/us),COMPLEX(1,(I119/(2*PI()*fPWM_PSpole)))) -> #REF! | L119: =20*LOG(IMABS(K119)) -> #REF! | M119: =IMPRODUCT(J119,K119) -> #REF! | N119: =20*LOG(IMABS(M119)) -> #REF! | O119: =180/PI()*IMARGUMENT(M119) -> #REF! | P119: =IMPRODUCT(gmv,IMDIV((COMPLEX(1,I119*(Rvcomp*kOhms)*(Cvcomp*uF))),IMPRODUCT((COMPLEX(0,data!I119*((Cvcomp*uF)+(Cvcomp_p*uF)))),(COMPLEX(1,I119*((Rvcomp*kOhms)*(Cvcomp*uF)*(Cvcomp_p*uF))/((Cvcomp*uF)+(Cvcomp_p*uF))))))) -> #REF! | Q119: =20*LOG(IMABS(P119)) -> #REF! | R119: =IMPRODUCT((M119),(P119)) -> #REF! | S119: =20*LOG(IMABS(R119)) -> #REF! | T119: =(180/PI()*IMARGUMENT(R119))+180 -> #REF!
A120: 1.6 | B120: =10^A120 -> 39.810717 | C120: =2*PI()*B120 -> 250.13811 | D120: =IMDIV((K_1*2.5*Rsense*Vout_nom)/(K_FQ*M_1*(M_2/us)*Lbst*mH),IMPRODUCT((COMPLEX(0,C120*1)),COMPLEX(1,(C120/(2*PI()*fiavg*kHz))))) -> #REF! | E120: =20*LOG(IMABS(D120)) -> #REF! | F120: =180/PI()*IMARGUMENT(D120) -> #REF! | G120: -1.4 | H120: =10^G120 -> 0.039810717 | I120: =2*PI()*H120 -> 0.25013811 | J120: =(R_fb2*kOhms)/((R_fb1*MegOhm)+(R_fb2*kOhms)) -> #REF! | K120: =IMDIV(((M_3/us)*Vout_nom)/(M1M2/us),COMPLEX(1,(I120/(2*PI()*fPWM_PSpole)))) -> #REF! | L120: =20*LOG(IMABS(K120)) -> #REF! | M120: =IMPRODUCT(J120,K120) -> #REF! | N120: =20*LOG(IMABS(M120)) -> #REF! | O120: =180/PI()*IMARGUMENT(M120) -> #REF! | P120: =IMPRODUCT(gmv,IMDIV((COMPLEX(1,I120*(Rvcomp*kOhms)*(Cvcomp*uF))),IMPRODUCT((COMPLEX(0,data!I120*((Cvcomp*uF)+(Cvcomp_p*uF)))),(COMPLEX(1,I120*((Rvcomp*kOhms)*(Cvcomp*uF)*(Cvcomp_p*uF))/((Cvcomp*uF)+(Cvcomp_p*uF))))))) -> #REF! | Q120: =20*LOG(IMABS(P120)) -> #REF! | R120: =IMPRODUCT((M120),(P120)) -> #REF! | S120: =20*LOG(IMABS(R120)) -> #REF! | T120: =(180/PI()*IMARGUMENT(R120))+180 -> #REF!
A121: 1.7 | B121: =10^A121 -> 50.118723 | C121: =2*PI()*B121 -> 314.90523 | D121: =IMDIV((K_1*2.5*Rsense*Vout_nom)/(K_FQ*M_1*(M_2/us)*Lbst*mH),IMPRODUCT((COMPLEX(0,C121*1)),COMPLEX(1,(C121/(2*PI()*fiavg*kHz))))) -> #REF! | E121: =20*LOG(IMABS(D121)) -> #REF! | F121: =180/PI()*IMARGUMENT(D121) -> #REF! | G121: -1.3 | H121: =10^G121 -> 0.050118723 | I121: =2*PI()*H121 -> 0.31490523 | J121: =(R_fb2*kOhms)/((R_fb1*MegOhm)+(R_fb2*kOhms)) -> #REF! | K121: =IMDIV(((M_3/us)*Vout_nom)/(M1M2/us),COMPLEX(1,(I121/(2*PI()*fPWM_PSpole)))) -> #REF! | L121: =20*LOG(IMABS(K121)) -> #REF! | M121: =IMPRODUCT(J121,K121) -> #REF! | N121: =20*LOG(IMABS(M121)) -> #REF! | O121: =180/PI()*IMARGUMENT(M121) -> #REF! | P121: =IMPRODUCT(gmv,IMDIV((COMPLEX(1,I121*(Rvcomp*kOhms)*(Cvcomp*uF))),IMPRODUCT((COMPLEX(0,data!I121*((Cvcomp*uF)+(Cvcomp_p*uF)))),(COMPLEX(1,I121*((Rvcomp*kOhms)*(Cvcomp*uF)*(Cvcomp_p*uF))/((Cvcomp*uF)+(Cvcomp_p*uF))))))) -> #REF! | Q121: =20*LOG(IMABS(P121)) -> #REF! | R121: =IMPRODUCT((M121),(P121)) -> #REF! | S121: =20*LOG(IMABS(R121)) -> #REF! | T121: =(180/PI()*IMARGUMENT(R121))+180 -> #REF!
A122: 1.8 | B122: =10^A122 -> 63.095734 | C122: =2*PI()*B122 -> 396.44219 | D122: =IMDIV((K_1*2.5*Rsense*Vout_nom)/(K_FQ*M_1*(M_2/us)*Lbst*mH),IMPRODUCT((COMPLEX(0,C122*1)),COMPLEX(1,(C122/(2*PI()*fiavg*kHz))))) -> #REF! | E122: =20*LOG(IMABS(D122)) -> #REF! | F122: =180/PI()*IMARGUMENT(D122) -> #REF! | G122: -1.2 | H122: =10^G122 -> 0.063095734 | I122: =2*PI()*H122 -> 0.39644219 | J122: =(R_fb2*kOhms)/((R_fb1*MegOhm)+(R_fb2*kOhms)) -> #REF! | K122: =IMDIV(((M_3/us)*Vout_nom)/(M1M2/us),COMPLEX(1,(I122/(2*PI()*fPWM_PSpole)))) -> #REF! | L122: =20*LOG(IMABS(K122)) -> #REF! | M122: =IMPRODUCT(J122,K122) -> #REF! | N122: =20*LOG(IMABS(M122)) -> #REF! | O122: =180/PI()*IMARGUMENT(M122) -> #REF! | P122: =IMPRODUCT(gmv,IMDIV((COMPLEX(1,I122*(Rvcomp*kOhms)*(Cvcomp*uF))),IMPRODUCT((COMPLEX(0,data!I122*((Cvcomp*uF)+(Cvcomp_p*uF)))),(COMPLEX(1,I122*((Rvcomp*kOhms)*(Cvcomp*uF)*(Cvcomp_p*uF))/((Cvcomp*uF)+(Cvcomp_p*uF))))))) -> #REF! | Q122: =20*LOG(IMABS(P122)) -> #REF! | R122: =IMPRODUCT((M122),(P122)) -> #REF! | S122: =20*LOG(IMABS(R122)) -> #REF! | T122: =(180/PI()*IMARGUMENT(R122))+180 -> #REF!
A123: 1.9 | B123: =10^A123 -> 79.432823 | C123: =2*PI()*B123 -> 499.09115 | D123: =IMDIV((K_1*2.5*Rsense*Vout_nom)/(K_FQ*M_1*(M_2/us)*Lbst*mH),IMPRODUCT((COMPLEX(0,C123*1)),COMPLEX(1,(C123/(2*PI()*fiavg*kHz))))) -> #REF! | E123: =20*LOG(IMABS(D123)) -> #REF! | F123: =180/PI()*IMARGUMENT(D123) -> #REF! | G123: -1.1 | H123: =10^G123 -> 0.079432823 | I123: =2*PI()*H123 -> 0.49909115 | J123: =(R_fb2*kOhms)/((R_fb1*MegOhm)+(R_fb2*kOhms)) -> #REF! | K123: =IMDIV(((M_3/us)*Vout_nom)/(M1M2/us),COMPLEX(1,(I123/(2*PI()*fPWM_PSpole)))) -> #REF! | L123: =20*LOG(IMABS(K123)) -> #REF! | M123: =IMPRODUCT(J123,K123) -> #REF! | N123: =20*LOG(IMABS(M123)) -> #REF! | O123: =180/PI()*IMARGUMENT(M123) -> #REF! | P123: =IMPRODUCT(gmv,IMDIV((COMPLEX(1,I123*(Rvcomp*kOhms)*(Cvcomp*uF))),IMPRODUCT((COMPLEX(0,data!I123*((Cvcomp*uF)+(Cvcomp_p*uF)))),(COMPLEX(1,I123*((Rvcomp*kOhms)*(Cvcomp*uF)*(Cvcomp_p*uF))/((Cvcomp*uF)+(Cvcomp_p*uF))))))) -> #REF! | Q123: =20*LOG(IMABS(P123)) -> #REF! | R123: =IMPRODUCT((M123),(P123)) -> #REF! | S123: =20*LOG(IMABS(R123)) -> #REF! | T123: =(180/PI()*IMARGUMENT(R123))+180 -> #REF!
A124: 2 | B124: =10^A124 -> 100 | C124: =2*PI()*B124 -> 628.31853 | D124: =IMDIV((K_1*2.5*Rsense*Vout_nom)/(K_FQ*M_1*(M_2/us)*Lbst*mH),IMPRODUCT((COMPLEX(0,C124*1)),COMPLEX(1,(C124/(2*PI()*fiavg*kHz))))) -> #REF! | E124: =20*LOG(IMABS(D124)) -> #REF! | F124: =180/PI()*IMARGUMENT(D124) -> #REF! | G124: -1 | H124: =10^G124 -> 0.1 | I124: =2*PI()*H124 -> 0.62831853 | J124: =(R_fb2*kOhms)/((R_fb1*MegOhm)+(R_fb2*kOhms)) -> #REF! | K124: =IMDIV(((M_3/us)*Vout_nom)/(M1M2/us),COMPLEX(1,(I124/(2*PI()*fPWM_PSpole)))) -> #REF! | L124: =20*LOG(IMABS(K124)) -> #REF! | M124: =IMPRODUCT(J124,K124) -> #REF! | N124: =20*LOG(IMABS(M124)) -> #REF! | O124: =180/PI()*IMARGUMENT(M124) -> #REF! | P124: =IMPRODUCT(gmv,IMDIV((COMPLEX(1,I124*(Rvcomp*kOhms)*(Cvcomp*uF))),IMPRODUCT((COMPLEX(0,data!I124*((Cvcomp*uF)+(Cvcomp_p*uF)))),(COMPLEX(1,I124*((Rvcomp*kOhms)*(Cvcomp*uF)*(Cvcomp_p*uF))/((Cvcomp*uF)+(Cvcomp_p*uF))))))) -> #REF! | Q124: =20*LOG(IMABS(P124)) -> #REF! | R124: =IMPRODUCT((M124),(P124)) -> #REF! | S124: =20*LOG(IMABS(R124)) -> #REF! | T124: =(180/PI()*IMARGUMENT(R124))+180 -> #REF!
A125: 2.1 | B125: =10^A125 -> 125.89254 | C125: =2*PI()*B125 -> 791.00617 | D125: =IMDIV((K_1*2.5*Rsense*Vout_nom)/(K_FQ*M_1*(M_2/us)*Lbst*mH),IMPRODUCT((COMPLEX(0,C125*1)),COMPLEX(1,(C125/(2*PI()*fiavg*kHz))))) -> #REF! | E125: =20*LOG(IMABS(D125)) -> #REF! | F125: =180/PI()*IMARGUMENT(D125) -> #REF! | G125: -0.9 | H125: =10^G125 -> 0.12589254 | I125: =2*PI()*H125 -> 0.79100617 | J125: =(R_fb2*kOhms)/((R_fb1*MegOhm)+(R_fb2*kOhms)) -> #REF! | K125: =IMDIV(((M_3/us)*Vout_nom)/(M1M2/us),COMPLEX(1,(I125/(2*PI()*fPWM_PSpole)))) -> #REF! | L125: =20*LOG(IMABS(K125)) -> #REF! | M125: =IMPRODUCT(J125,K125) -> #REF! | N125: =20*LOG(IMABS(M125)) -> #REF! | O125: =180/PI()*IMARGUMENT(M125) -> #REF! | P125: =IMPRODUCT(gmv,IMDIV((COMPLEX(1,I125*(Rvcomp*kOhms)*(Cvcomp*uF))),IMPRODUCT((COMPLEX(0,data!I125*((Cvcomp*uF)+(Cvcomp_p*uF)))),(COMPLEX(1,I125*((Rvcomp*kOhms)*(Cvcomp*uF)*(Cvcomp_p*uF))/((Cvcomp*uF)+(Cvcomp_p*uF))))))) -> #REF! | Q125: =20*LOG(IMABS(P125)) -> #REF! | R125: =IMPRODUCT((M125),(P125)) -> #REF! | S125: =20*LOG(IMABS(R125)) -> #REF! | T125: =(180/PI()*IMARGUMENT(R125))+180 -> #REF!
A126: 2.2 | B126: =10^A126 -> 158.48932 | C126: =2*PI()*B126 -> 995.81776 | D126: =IMDIV((K_1*2.5*Rsense*Vout_nom)/(K_FQ*M_1*(M_2/us)*Lbst*mH),IMPRODUCT((COMPLEX(0,C126*1)),COMPLEX(1,(C126/(2*PI()*fiavg*kHz))))) -> #REF! | E126: =20*LOG(IMABS(D126)) -> #REF! | F126: =180/PI()*IMARGUMENT(D126) -> #REF! | G126: -0.8 | H126: =10^G126 -> 0.15848932 | I126: =2*PI()*H126 -> 0.99581776 | J126: =(R_fb2*kOhms)/((R_fb1*MegOhm)+(R_fb2*kOhms)) -> #REF! | K126: =IMDIV(((M_3/us)*Vout_nom)/(M1M2/us),COMPLEX(1,(I126/(2*PI()*fPWM_PSpole)))) -> #REF! | L126: =20*LOG(IMABS(K126)) -> #REF! | M126: =IMPRODUCT(J126,K126) -> #REF! | N126: =20*LOG(IMABS(M126)) -> #REF! | O126: =180/PI()*IMARGUMENT(M126) -> #REF! | P126: =IMPRODUCT(gmv,IMDIV((COMPLEX(1,I126*(Rvcomp*kOhms)*(Cvcomp*uF))),IMPRODUCT((COMPLEX(0,data!I126*((Cvcomp*uF)+(Cvcomp_p*uF)))),(COMPLEX(1,I126*((Rvcomp*kOhms)*(Cvcomp*uF)*(Cvcomp_p*uF))/((Cvcomp*uF)+(Cvcomp_p*uF))))))) -> #REF! | Q126: =20*LOG(IMABS(P126)) -> #REF! | R126: =IMPRODUCT((M126),(P126)) -> #REF! | S126: =20*LOG(IMABS(R126)) -> #REF! | T126: =(180/PI()*IMARGUMENT(R126))+180 -> #REF!
... A164: 6 | B164: =10^A164 -> 1000000 | C164: =2*PI()*B164 -> 6283185.3 | D164: =IMDIV((K_1*2.5*Rsense*Vout_nom)/(K_FQ*M_1*(M_2/us)*Lbst*mH),IMPRODUCT((COMPLEX(0,C164*1)),COMPLEX(1,(C164/(2*PI()*fiavg*kHz))))) -> #REF! | E164: =20*LOG(IMABS(D164)) -> #REF! | F164: =180/PI()*IMARGUMENT(D164) -> #REF! | G164: 3 | H164: =10^G164 -> 1000 | I164: =2*PI()*H164 -> 6283.1853 | J164: =(R_fb2*kOhms)/((R_fb1*MegOhm)+(R_fb2*kOhms)) -> #REF! | K164: =IMDIV(((M_3/us)*Vout_nom)/(M1M2/us),COMPLEX(1,(I164/(2*PI()*fPWM_PSpole)))) -> #REF! | L164: =20*LOG(IMABS(K164)) -> #REF! | M164: =IMPRODUCT(J164,K164) -> #REF! | N164: =20*LOG(IMABS(M164)) -> #REF! | O164: =180/PI()*IMARGUMENT(M164) -> #REF! | P164: =IMPRODUCT(gmv,IMDIV((COMPLEX(1,I164*(Rvcomp*kOhms)*(Cvcomp*uF))),IMPRODUCT((COMPLEX(0,data!I164*((Cvcomp*uF)+(Cvcomp_p*uF)))),(COMPLEX(1,I164*((Rvcomp*kOhms)*(Cvcomp*uF)*(Cvcomp_p*uF))/((Cvcomp*uF)+(Cvcomp_p*uF))))))) -> #REF! | Q164: =20*LOG(IMABS(P164)) -> #REF! | R164: =IMPRODUCT((M164),(P164)) -> #REF! | S164: =20*LOG(IMABS(R164)) -> #REF! | T164: =(180/PI()*IMARGUMENT(R164))+180 -> #REF!
G165: 3.1 | H165: =10^G165 -> 1258.9254 | I165: =2*PI()*H165 -> 7910.0617 | J165: =(R_fb2*kOhms)/((R_fb1*MegOhm)+(R_fb2*kOhms)) -> #REF! | K165: =IMDIV(((M_3/us)*Vout_nom)/(M1M2/us),COMPLEX(1,(I165/(2*PI()*fPWM_PSpole)))) -> #REF! | L165: =20*LOG(IMABS(K165)) -> #REF! | M165: =IMPRODUCT(J165,K165) -> #REF! | N165: =20*LOG(IMABS(M165)) -> #REF! | O165: =180/PI()*IMARGUMENT(M165) -> #REF! | P165: =IMPRODUCT(gmv,IMDIV((COMPLEX(1,I165*(Rvcomp*kOhms)*(Cvcomp*uF))),IMPRODUCT((COMPLEX(0,data!I165*((Cvcomp*uF)+(Cvcomp_p*uF)))),(COMPLEX(1,I165*((Rvcomp*kOhms)*(Cvcomp*uF)*(Cvcomp_p*uF))/((Cvcomp*uF)+(Cvcomp_p*uF))))))) -> #REF! | Q165: =20*LOG(IMABS(P165)) -> #REF! | R165: =IMPRODUCT((M165),(P165)) -> #REF! | S165: =20*LOG(IMABS(R165)) -> #REF! | T165: =(180/PI()*IMARGUMENT(R165))+180 -> #REF!
G166: 3.2 | H166: =10^G166 -> 1584.8932 | I166: =2*PI()*H166 -> 9958.1776 | J166: =(R_fb2*kOhms)/((R_fb1*MegOhm)+(R_fb2*kOhms)) -> #REF! | K166: =IMDIV(((M_3/us)*Vout_nom)/(M1M2/us),COMPLEX(1,(I166/(2*PI()*fPWM_PSpole)))) -> #REF! | L166: =20*LOG(IMABS(K166)) -> #REF! | M166: =IMPRODUCT(J166,K166) -> #REF! | N166: =20*LOG(IMABS(M166)) -> #REF! | O166: =180/PI()*IMARGUMENT(M166) -> #REF! | P166: =IMPRODUCT(gmv,IMDIV((COMPLEX(1,I166*(Rvcomp*kOhms)*(Cvcomp*uF))),IMPRODUCT((COMPLEX(0,data!I166*((Cvcomp*uF)+(Cvcomp_p*uF)))),(COMPLEX(1,I166*((Rvcomp*kOhms)*(Cvcomp*uF)*(Cvcomp_p*uF))/((Cvcomp*uF)+(Cvcomp_p*uF))))))) -> #REF! | Q166: =20*LOG(IMABS(P166)) -> #REF! | R166: =IMPRODUCT((M166),(P166)) -> #REF! | S166: =20*LOG(IMABS(R166)) -> #REF! | T166: =(180/PI()*IMARGUMENT(R166))+180 -> #REF!
...

Sheet VCOMP
A1: To Calculate VCOMP
A2: At User Selectable Line Voltage, Full Load | D2: At User Selectable Line Voltage, % of Load
A5: VLINE | B5: =Vline -> #REF! | D5: VLINE | E5: =Vline -> #REF! | G5: VCOMP as a function of Line voltage at full load
A6: K1 | B6: 7 | D6: Percent Load | E6: =percent_load/100 -> #REF! | G6: VLINE | H6: M1M2 | I6: VCOMP1 | J6: K1V2 | K6: K2V2 | L6: K3V2 | M6: K4V2 | N6: VCOMP2 | O6: K1V3 | P6: K2V3 | Q6: K3V3 | R6: K4V3 | S6: K5V3 | T6: VCOMP3 | U6: VCOMP4 | V6: VCOMP5 | W6: VCOMP | X6: IAC RMS | Y6: ISENSE_Pk | Z6: ICOMP
A7: KFQ | B7: =1/(fsw*kHz) -> #REF! | D7: K1 | E7: 7 | G7: =Vacin_min -> #REF! | H7: =(Iout*(Vout_nom^2)*2.5*Rsense*K_1)/(eff*(G7^2)*K_FQ)*us -> #REF! | I7: =(1*10^-9*(5*10^8*SQRT(fsw*kHz)+(1.09655978*10^10)*SQRT(ftyp)*SQRT(H7)))/SQRT(fsw*kHz) -> #REF! | J7: =(b_1^3/(27*a_1^3))-(d_1^3/27)+SQRT((ftyp)^2*H7^2/(4*a_1^2*c_1^2*(fsw*kHz)^2))+(b_1^3*(ftyp)*H7/(27*a_1^4*c_1*(fsw*kHz))-(d_1^3*(ftyp)*H7/(27*a_1*c_1*(fsw*kHz)))+(b_1*d_1^2*(ftyp)*H7/(9*a_1^2*c_1*(fsw*kHz)))-(b_1^2*d_1*(ftyp)*H7/(9*a_1^3*c_1*(fsw*kHz)))) -> #REF! | K7: =(b_1*d_1^2/(9*a_1))-(b_1^2*d_1/(9*a_1^2))+(ftyp*H7/(2*a_1*c_1*fsw*kHz)) -> #REF! | L7: =(d_1^2/9)+(b_1^2/(9*a_1^2))-(2*b_1*d_1/(9*a_1)) -> 0.00045657097 | M7: =((b_1*c_1*fsw*kHz)+(2*a_1*c_1*d_1*fsw*kHz))/(3*a_1*c_1*fsw*kHz) -> #REF! | N7: =(J7+K7)^(1/3)+(L7/(J7^(1/3)))+M7 -> #REF! | O7: =(b_2^3/(27*a_2^3))-(d_2^3/27) -> 0.073252235 | P7: =(ftyp^2*H7^2/(4*a_2^2*c_2^2*(fsw*kHz)^2))+(b_2^3*ftyp*H7/(27*a_2^4*c_2*(fsw*kHz)))-(d_2^3*ftyp*H7/(27*a_2*c_2*(fsw*kHz)))+(b_2*d_2^2*ftyp*H7/(9*a_2^2*c_2*(fsw*kHz)))-(b_2^2*d_2*ftyp*H7/(9*a_2^3*c_2*(fsw*kHz))) -> #REF! | Q7: =(b_2*d_2^2/(9*a_2))-(b_2^2*d_2/(9*a_2^2))+(ftyp*H7/(2*a_2*c_2*(fsw*kHz))) -> #REF! | R7: =(d_2^2/9)+(b_2^2/(9*a_2^2))-(2*b_2*d_2/(9*a_2)) -> 0.067799508 | S7: =(b_2*c_2*(fsw*kHz)+2*a_2*c_2*d_2*(fsw*kHz))/(3*a_2*c_2*(fsw*kHz)) -> #REF! | T7: =((O7+SQRT(P7)+Q7)^(1/3))+(R7/((O7+SQRT(P7)+Q7)^(1/3)))+S7 -> #REF! | U7: =c_3+(SQRT(ftyp)*SQRT(H7)/(SQRT(a_3)*SQRT(b_3)*SQRT(fsw*kHz))) -> #REF! | V7: =(a_4*(fsw*kHz)*b_4/ftyp) -> #REF! | W7: =IF(I7>=0.5,IF(I7<1,I7,IF(N7>=1,IF(N7<2,N7,IF(T7>=2,IF(T7<4.5,T7,IF(U7>=4.5,IF(U7<4.6,U7,V7)))))))) -> #REF! | X7: =Pin_max/G7 -> #REF! | Y7: =-X7*Rsense*1.414 -> #REF! | Z7: =MIN(6,MAX(0.5,Beta*G*($Y7-Voff_trim)/(MAX(0,MIN(4.5,W7)-Alpha1_A)+MAX(0,MIN(4.5,W7)-Alpha1_B)-Alpha1_C)+Alpha2)) -> #REF!
A8: fTYP | B8: =65*kHz -> 65000 | D8: KFQ | E8: =1/(fsw*kHz) -> #REF! | G8: =G7+1 -> #REF! | H8: =(Iout*(Vout_nom^2)*2.5*Rsense*K_1)/(eff*(G8^2)*K_FQ)*us -> #REF! | I8: =(1*10^-9*(5*10^8*SQRT(fsw*kHz)+(1.09655978*10^10)*SQRT(ftyp)*SQRT(H8)))/SQRT(fsw*kHz) -> #REF! | J8: =(b_1^3/(27*a_1^3))-(d_1^3/27)+SQRT((ftyp)^2*H8^2/(4*a_1^2*c_1^2*(fsw*kHz)^2))+(b_1^3*(ftyp)*H8/(27*a_1^4*c_1*(fsw*kHz))-(d_1^3*(ftyp)*H8/(27*a_1*c_1*(fsw*kHz)))+(b_1*d_1^2*(ftyp)*H8/(9*a_1^2*c_1*(fsw*kHz)))-(b_1^2*d_1*(ftyp)*H8/(9*a_1^3*c_1*(fsw*kHz)))) -> #REF! | K8: =(b_1*d_1^2/(9*a_1))-(b_1^2*d_1/(9*a_1^2))+(ftyp*H8/(2*a_1*c_1*fsw*kHz)) -> #REF! | L8: =(d_1^2/9)+(b_1^2/(9*a_1^2))-(2*b_1*d_1/(9*a_1)) -> 0.00045657097 | M8: =((b_1*c_1*fsw*kHz)+(2*a_1*c_1*d_1*fsw*kHz))/(3*a_1*c_1*fsw*kHz) -> #REF! | N8: =(J8+K8)^(1/3)+(L8/(J8^(1/3)))+M8 -> #REF! | O8: =(b_2^3/(27*a_2^3))-(d_2^3/27) -> 0.073252235 | P8: =(ftyp^2*H8^2/(4*a_2^2*c_2^2*(fsw*kHz)^2))+(b_2^3*ftyp*H8/(27*a_2^4*c_2*(fsw*kHz)))-(d_2^3*ftyp*H8/(27*a_2*c_2*(fsw*kHz)))+(b_2*d_2^2*ftyp*H8/(9*a_2^2*c_2*(fsw*kHz)))-(b_2^2*d_2*ftyp*H8/(9*a_2^3*c_2*(fsw*kHz))) -> #REF! | Q8: =(b_2*d_2^2/(9*a_2))-(b_2^2*d_2/(9*a_2^2))+(ftyp*H8/(2*a_2*c_2*(fsw*kHz))) -> #REF! | R8: =(d_2^2/9)+(b_2^2/(9*a_2^2))-(2*b_2*d_2/(9*a_2)) -> 0.067799508 | S8: =(b_2*c_2*(fsw*kHz)+2*a_2*c_2*d_2*(fsw*kHz))/(3*a_2*c_2*(fsw*kHz)) -> #REF! | T8: =((O8+SQRT(P8)+Q8)^(1/3))+(R8/((O8+SQRT(P8)+Q8)^(1/3)))+S8 -> #REF! | U8: =c_3+(SQRT(ftyp)*SQRT(H8)/(SQRT(a_3)*SQRT(b_3)*SQRT(fsw*kHz))) -> #REF! | V8: =(a_4*(fsw*kHz)*b_4/ftyp) -> #REF! | W8: =IF(I8>=0.5,IF(I8<1,I8,IF(N8>=1,IF(N8<2,N8,IF(T8>=2,IF(T8<4.5,T8,IF(U8>=4.5,IF(U8<4.6,U8,V8)))))))) -> #REF! | X8: =Pin_max/G8 -> #REF! | Y8: =-X8*Rsense*1.414 -> #REF! | Z8: =MIN(6,MAX(0.5,Beta*G*($Y8-Voff_trim)/(MAX(0,MIN(4.5,W8)-Alpha1_A)+MAX(0,MIN(4.5,W8)-Alpha1_B)-Alpha1_C)+Alpha2)) -> #REF!
D9: fTYP | E9: =65*kHz -> 65000 | G9: =G8+1 -> #REF! | H9: =(Iout*(Vout_nom^2)*2.5*Rsense*K_1)/(eff*(G9^2)*K_FQ)*us -> #REF! | I9: =(1*10^-9*(5*10^8*SQRT(fsw*kHz)+(1.09655978*10^10)*SQRT(ftyp)*SQRT(H9)))/SQRT(fsw*kHz) -> #REF! | J9: =(b_1^3/(27*a_1^3))-(d_1^3/27)+SQRT((ftyp)^2*H9^2/(4*a_1^2*c_1^2*(fsw*kHz)^2))+(b_1^3*(ftyp)*H9/(27*a_1^4*c_1*(fsw*kHz))-(d_1^3*(ftyp)*H9/(27*a_1*c_1*(fsw*kHz)))+(b_1*d_1^2*(ftyp)*H9/(9*a_1^2*c_1*(fsw*kHz)))-(b_1^2*d_1*(ftyp)*H9/(9*a_1^3*c_1*(fsw*kHz)))) -> #REF! | K9: =(b_1*d_1^2/(9*a_1))-(b_1^2*d_1/(9*a_1^2))+(ftyp*H9/(2*a_1*c_1*fsw*kHz)) -> #REF! | L9: =(d_1^2/9)+(b_1^2/(9*a_1^2))-(2*b_1*d_1/(9*a_1)) -> 0.00045657097 | M9: =((b_1*c_1*fsw*kHz)+(2*a_1*c_1*d_1*fsw*kHz))/(3*a_1*c_1*fsw*kHz) -> #REF! | N9: =(J9+K9)^(1/3)+(L9/(J9^(1/3)))+M9 -> #REF! | O9: =(b_2^3/(27*a_2^3))-(d_2^3/27) -> 0.073252235 | P9: =(ftyp^2*H9^2/(4*a_2^2*c_2^2*(fsw*kHz)^2))+(b_2^3*ftyp*H9/(27*a_2^4*c_2*(fsw*kHz)))-(d_2^3*ftyp*H9/(27*a_2*c_2*(fsw*kHz)))+(b_2*d_2^2*ftyp*H9/(9*a_2^2*c_2*(fsw*kHz)))-(b_2^2*d_2*ftyp*H9/(9*a_2^3*c_2*(fsw*kHz))) -> #REF! | Q9: =(b_2*d_2^2/(9*a_2))-(b_2^2*d_2/(9*a_2^2))+(ftyp*H9/(2*a_2*c_2*(fsw*kHz))) -> #REF! | R9: =(d_2^2/9)+(b_2^2/(9*a_2^2))-(2*b_2*d_2/(9*a_2)) -> 0.067799508 | S9: =(b_2*c_2*(fsw*kHz)+2*a_2*c_2*d_2*(fsw*kHz))/(3*a_2*c_2*(fsw*kHz)) -> #REF! | T9: =((O9+SQRT(P9)+Q9)^(1/3))+(R9/((O9+SQRT(P9)+Q9)^(1/3)))+S9 -> #REF! | U9: =c_3+(SQRT(ftyp)*SQRT(H9)/(SQRT(a_3)*SQRT(b_3)*SQRT(fsw*kHz))) -> #REF! | V9: =(a_4*(fsw*kHz)*b_4/ftyp) -> #REF! | W9: =IF(I9>=0.5,IF(I9<1,I9,IF(N9>=1,IF(N9<2,N9,IF(T9>=2,IF(T9<4.5,T9,IF(U9>=4.5,IF(U9<4.6,U9,V9)))))))) -> #REF! | X9: =Pin_max/G9 -> #REF! | Y9: =-X9*Rsense*1.414 -> #REF! | Z9: =MIN(6,MAX(0.5,Beta*G*($Y9-Voff_trim)/(MAX(0,MIN(4.5,W9)-Alpha1_A)+MAX(0,MIN(4.5,W9)-Alpha1_B)-Alpha1_C)+Alpha2)) -> #REF!
A10: M1M2 | B10: =(Iout*(Vout_nom^2)*2.5*Rsense*K_1)/(eff*(B5^2)*K_FQ)*us -> #REF! | G10: =G9+1 -> #REF! | H10: =(Iout*(Vout_nom^2)*2.5*Rsense*K_1)/(eff*(G10^2)*K_FQ)*us -> #REF! | I10: =(1*10^-9*(5*10^8*SQRT(fsw*kHz)+(1.09655978*10^10)*SQRT(ftyp)*SQRT(H10)))/SQRT(fsw*kHz) -> #REF! | J10: =(b_1^3/(27*a_1^3))-(d_1^3/27)+SQRT((ftyp)^2*H10^2/(4*a_1^2*c_1^2*(fsw*kHz)^2))+(b_1^3*(ftyp)*H10/(27*a_1^4*c_1*(fsw*kHz))-(d_1^3*(ftyp)*H10/(27*a_1*c_1*(fsw*kHz)))+(b_1*d_1^2*(ftyp)*H10/(9*a_1^2*c_1*(fsw*kHz)))-(b_1^2*d_1*(ftyp)*H10/(9*a_1^3*c_1*(fsw*kHz)))) -> #REF! | K10: =(b_1*d_1^2/(9*a_1))-(b_1^2*d_1/(9*a_1^2))+(ftyp*H10/(2*a_1*c_1*fsw*kHz)) -> #REF! | L10: =(d_1^2/9)+(b_1^2/(9*a_1^2))-(2*b_1*d_1/(9*a_1)) -> 0.00045657097 | M10: =((b_1*c_1*fsw*kHz)+(2*a_1*c_1*d_1*fsw*kHz))/(3*a_1*c_1*fsw*kHz) -> #REF! | N10: =(J10+K10)^(1/3)+(L10/(J10^(1/3)))+M10 -> #REF! | O10: =(b_2^3/(27*a_2^3))-(d_2^3/27) -> 0.073252235 | P10: =(ftyp^2*H10^2/(4*a_2^2*c_2^2*(fsw*kHz)^2))+(b_2^3*ftyp*H10/(27*a_2^4*c_2*(fsw*kHz)))-(d_2^3*ftyp*H10/(27*a_2*c_2*(fsw*kHz)))+(b_2*d_2^2*ftyp*H10/(9*a_2^2*c_2*(fsw*kHz)))-(b_2^2*d_2*ftyp*H10/(9*a_2^3*c_2*(fsw*kHz))) -> #REF! | Q10: =(b_2*d_2^2/(9*a_2))-(b_2^2*d_2/(9*a_2^2))+(ftyp*H10/(2*a_2*c_2*(fsw*kHz))) -> #REF! | R10: =(d_2^2/9)+(b_2^2/(9*a_2^2))-(2*b_2*d_2/(9*a_2)) -> 0.067799508 | S10: =(b_2*c_2*(fsw*kHz)+2*a_2*c_2*d_2*(fsw*kHz))/(3*a_2*c_2*(fsw*kHz)) -> #REF! | T10: =((O10+SQRT(P10)+Q10)^(1/3))+(R10/((O10+SQRT(P10)+Q10)^(1/3)))+S10 -> #REF! | U10: =c_3+(SQRT(ftyp)*SQRT(H10)/(SQRT(a_3)*SQRT(b_3)*SQRT(fsw*kHz))) -> #REF! | V10: =(a_4*(fsw*kHz)*b_4/ftyp) -> #REF! | W10: =IF(I10>=0.5,IF(I10<1,I10,IF(N10>=1,IF(N10<2,N10,IF(T10>=2,IF(T10<4.5,T10,IF(U10>=4.5,IF(U10<4.6,U10,V10)))))))) -> #REF! | X10: =Pin_max/G10 -> #REF! | Y10: =-X10*Rsense*1.414 -> #REF! | Z10: =MIN(6,MAX(0.5,Beta*G*($Y10-Voff_trim)/(MAX(0,MIN(4.5,W10)-Alpha1_A)+MAX(0,MIN(4.5,W10)-Alpha1_B)-Alpha1_C)+Alpha2)) -> #REF!
D11: M1M2 | E11: =((E6*Iout)*(Vout_nom^2)*2.5*Rsense*K_1)/(eff*(E5^2)*K_FQ)*us -> #REF! | G11: =G10+1 -> #REF! | H11: =(Iout*(Vout_nom^2)*2.5*Rsense*K_1)/(eff*(G11^2)*K_FQ)*us -> #REF! | I11: =(1*10^-9*(5*10^8*SQRT(fsw*kHz)+(1.09655978*10^10)*SQRT(ftyp)*SQRT(H11)))/SQRT(fsw*kHz) -> #REF! | J11: =(b_1^3/(27*a_1^3))-(d_1^3/27)+SQRT((ftyp)^2*H11^2/(4*a_1^2*c_1^2*(fsw*kHz)^2))+(b_1^3*(ftyp)*H11/(27*a_1^4*c_1*(fsw*kHz))-(d_1^3*(ftyp)*H11/(27*a_1*c_1*(fsw*kHz)))+(b_1*d_1^2*(ftyp)*H11/(9*a_1^2*c_1*(fsw*kHz)))-(b_1^2*d_1*(ftyp)*H11/(9*a_1^3*c_1*(fsw*kHz)))) -> #REF! | K11: =(b_1*d_1^2/(9*a_1))-(b_1^2*d_1/(9*a_1^2))+(ftyp*H11/(2*a_1*c_1*fsw*kHz)) -> #REF! | L11: =(d_1^2/9)+(b_1^2/(9*a_1^2))-(2*b_1*d_1/(9*a_1)) -> 0.00045657097 | M11: =((b_1*c_1*fsw*kHz)+(2*a_1*c_1*d_1*fsw*kHz))/(3*a_1*c_1*fsw*kHz) -> #REF! | N11: =(J11+K11)^(1/3)+(L11/(J11^(1/3)))+M11 -> #REF! | O11: =(b_2^3/(27*a_2^3))-(d_2^3/27) -> 0.073252235 | P11: =(ftyp^2*H11^2/(4*a_2^2*c_2^2*(fsw*kHz)^2))+(b_2^3*ftyp*H11/(27*a_2^4*c_2*(fsw*kHz)))-(d_2^3*ftyp*H11/(27*a_2*c_2*(fsw*kHz)))+(b_2*d_2^2*ftyp*H11/(9*a_2^2*c_2*(fsw*kHz)))-(b_2^2*d_2*ftyp*H11/(9*a_2^3*c_2*(fsw*kHz))) -> #REF! | Q11: =(b_2*d_2^2/(9*a_2))-(b_2^2*d_2/(9*a_2^2))+(ftyp*H11/(2*a_2*c_2*(fsw*kHz))) -> #REF! | R11: =(d_2^2/9)+(b_2^2/(9*a_2^2))-(2*b_2*d_2/(9*a_2)) -> 0.067799508 | S11: =(b_2*c_2*(fsw*kHz)+2*a_2*c_2*d_2*(fsw*kHz))/(3*a_2*c_2*(fsw*kHz)) -> #REF! | T11: =((O11+SQRT(P11)+Q11)^(1/3))+(R11/((O11+SQRT(P11)+Q11)^(1/3)))+S11 -> #REF! | U11: =c_3+(SQRT(ftyp)*SQRT(H11)/(SQRT(a_3)*SQRT(b_3)*SQRT(fsw*kHz))) -> #REF! | V11: =(a_4*(fsw*kHz)*b_4/ftyp) -> #REF! | W11: =IF(I11>=0.5,IF(I11<1,I11,IF(N11>=1,IF(N11<2,N11,IF(T11>=2,IF(T11<4.5,T11,IF(U11>=4.5,IF(U11<4.6,U11,V11)))))))) -> #REF! | X11: =Pin_max/G11 -> #REF! | Y11: =-X11*Rsense*1.414 -> #REF! | Z11: =MIN(6,MAX(0.5,Beta*G*($Y11-Voff_trim)/(MAX(0,MIN(4.5,W11)-Alpha1_A)+MAX(0,MIN(4.5,W11)-Alpha1_B)-Alpha1_C)+Alpha2)) -> #REF!
A12: VCOMP1 | B12: =(1*10^-9*(5*10^8*SQRT(fsw*kHz)+(1.09655978*10^10)*SQRT(ftyp)*SQRT(B10)))/SQRT(fsw*kHz) -> #REF! | G12: =G11+1 -> #REF! | H12: =(Iout*(Vout_nom^2)*2.5*Rsense*K_1)/(eff*(G12^2)*K_FQ)*us -> #REF! | I12: =(1*10^-9*(5*10^8*SQRT(fsw*kHz)+(1.09655978*10^10)*SQRT(ftyp)*SQRT(H12)))/SQRT(fsw*kHz) -> #REF! | J12: =(b_1^3/(27*a_1^3))-(d_1^3/27)+SQRT((ftyp)^2*H12^2/(4*a_1^2*c_1^2*(fsw*kHz)^2))+(b_1^3*(ftyp)*H12/(27*a_1^4*c_1*(fsw*kHz))-(d_1^3*(ftyp)*H12/(27*a_1*c_1*(fsw*kHz)))+(b_1*d_1^2*(ftyp)*H12/(9*a_1^2*c_1*(fsw*kHz)))-(b_1^2*d_1*(ftyp)*H12/(9*a_1^3*c_1*(fsw*kHz)))) -> #REF! | K12: =(b_1*d_1^2/(9*a_1))-(b_1^2*d_1/(9*a_1^2))+(ftyp*H12/(2*a_1*c_1*fsw*kHz)) -> #REF! | L12: =(d_1^2/9)+(b_1^2/(9*a_1^2))-(2*b_1*d_1/(9*a_1)) -> 0.00045657097 | M12: =((b_1*c_1*fsw*kHz)+(2*a_1*c_1*d_1*fsw*kHz))/(3*a_1*c_1*fsw*kHz) -> #REF! | N12: =(J12+K12)^(1/3)+(L12/(J12^(1/3)))+M12 -> #REF! | O12: =(b_2^3/(27*a_2^3))-(d_2^3/27) -> 0.073252235 | P12: =(ftyp^2*H12^2/(4*a_2^2*c_2^2*(fsw*kHz)^2))+(b_2^3*ftyp*H12/(27*a_2^4*c_2*(fsw*kHz)))-(d_2^3*ftyp*H12/(27*a_2*c_2*(fsw*kHz)))+(b_2*d_2^2*ftyp*H12/(9*a_2^2*c_2*(fsw*kHz)))-(b_2^2*d_2*ftyp*H12/(9*a_2^3*c_2*(fsw*kHz))) -> #REF! | Q12: =(b_2*d_2^2/(9*a_2))-(b_2^2*d_2/(9*a_2^2))+(ftyp*H12/(2*a_2*c_2*(fsw*kHz))) -> #REF! | R12: =(d_2^2/9)+(b_2^2/(9*a_2^2))-(2*b_2*d_2/(9*a_2)) -> 0.067799508 | S12: =(b_2*c_2*(fsw*kHz)+2*a_2*c_2*d_2*(fsw*kHz))/(3*a_2*c_2*(fsw*kHz)) -> #REF! | T12: =((O12+SQRT(P12)+Q12)^(1/3))+(R12/((O12+SQRT(P12)+Q12)^(1/3)))+S12 -> #REF! | U12: =c_3+(SQRT(ftyp)*SQRT(H12)/(SQRT(a_3)*SQRT(b_3)*SQRT(fsw*kHz))) -> #REF! | V12: =(a_4*(fsw*kHz)*b_4/ftyp) -> #REF! | W12: =IF(I12>=0.5,IF(I12<1,I12,IF(N12>=1,IF(N12<2,N12,IF(T12>=2,IF(T12<4.5,T12,IF(U12>=4.5,IF(U12<4.6,U12,V12)))))))) -> #REF! | X12: =Pin_max/G12 -> #REF! | Y12: =-X12*Rsense*1.414 -> #REF! | Z12: =MIN(6,MAX(0.5,Beta*G*($Y12-Voff_trim)/(MAX(0,MIN(4.5,W12)-Alpha1_A)+MAX(0,MIN(4.5,W12)-Alpha1_B)-Alpha1_C)+Alpha2)) -> #REF!
D13: VCOMP1 | E13: =(1*10^-9*(5*10^8*SQRT(fsw*kHz)+(1.09655978*10^10)*SQRT(ftyp)*SQRT(E11)))/SQRT(fsw*kHz) -> #REF! | G13: =G12+1 -> #REF! | H13: =(Iout*(Vout_nom^2)*2.5*Rsense*K_1)/(eff*(G13^2)*K_FQ)*us -> #REF! | I13: =(1*10^-9*(5*10^8*SQRT(fsw*kHz)+(1.09655978*10^10)*SQRT(ftyp)*SQRT(H13)))/SQRT(fsw*kHz) -> #REF! | J13: =(b_1^3/(27*a_1^3))-(d_1^3/27)+SQRT((ftyp)^2*H13^2/(4*a_1^2*c_1^2*(fsw*kHz)^2))+(b_1^3*(ftyp)*H13/(27*a_1^4*c_1*(fsw*kHz))-(d_1^3*(ftyp)*H13/(27*a_1*c_1*(fsw*kHz)))+(b_1*d_1^2*(ftyp)*H13/(9*a_1^2*c_1*(fsw*kHz)))-(b_1^2*d_1*(ftyp)*H13/(9*a_1^3*c_1*(fsw*kHz)))) -> #REF! | K13: =(b_1*d_1^2/(9*a_1))-(b_1^2*d_1/(9*a_1^2))+(ftyp*H13/(2*a_1*c_1*fsw*kHz)) -> #REF! | L13: =(d_1^2/9)+(b_1^2/(9*a_1^2))-(2*b_1*d_1/(9*a_1)) -> 0.00045657097 | M13: =((b_1*c_1*fsw*kHz)+(2*a_1*c_1*d_1*fsw*kHz))/(3*a_1*c_1*fsw*kHz) -> #REF! | N13: =(J13+K13)^(1/3)+(L13/(J13^(1/3)))+M13 -> #REF! | O13: =(b_2^3/(27*a_2^3))-(d_2^3/27) -> 0.073252235 | P13: =(ftyp^2*H13^2/(4*a_2^2*c_2^2*(fsw*kHz)^2))+(b_2^3*ftyp*H13/(27*a_2^4*c_2*(fsw*kHz)))-(d_2^3*ftyp*H13/(27*a_2*c_2*(fsw*kHz)))+(b_2*d_2^2*ftyp*H13/(9*a_2^2*c_2*(fsw*kHz)))-(b_2^2*d_2*ftyp*H13/(9*a_2^3*c_2*(fsw*kHz))) -> #REF! | Q13: =(b_2*d_2^2/(9*a_2))-(b_2^2*d_2/(9*a_2^2))+(ftyp*H13/(2*a_2*c_2*(fsw*kHz))) -> #REF! | R13: =(d_2^2/9)+(b_2^2/(9*a_2^2))-(2*b_2*d_2/(9*a_2)) -> 0.067799508 | S13: =(b_2*c_2*(fsw*kHz)+2*a_2*c_2*d_2*(fsw*kHz))/(3*a_2*c_2*(fsw*kHz)) -> #REF! | T13: =((O13+SQRT(P13)+Q13)^(1/3))+(R13/((O13+SQRT(P13)+Q13)^(1/3)))+S13 -> #REF! | U13: =c_3+(SQRT(ftyp)*SQRT(H13)/(SQRT(a_3)*SQRT(b_3)*SQRT(fsw*kHz))) -> #REF! | V13: =(a_4*(fsw*kHz)*b_4/ftyp) -> #REF! | W13: =IF(I13>=0.5,IF(I13<1,I13,IF(N13>=1,IF(N13<2,N13,IF(T13>=2,IF(T13<4.5,T13,IF(U13>=4.5,IF(U13<4.6,U13,V13)))))))) -> #REF! | X13: =Pin_max/G13 -> #REF! | Y13: =-X13*Rsense*1.414 -> #REF! | Z13: =MIN(6,MAX(0.5,Beta*G*($Y13-Voff_trim)/(MAX(0,MIN(4.5,W13)-Alpha1_A)+MAX(0,MIN(4.5,W13)-Alpha1_B)-Alpha1_C)+Alpha2)) -> #REF!
A14: a1 | B14: 0.156 | G14: =G13+1 -> #REF! | H14: =(Iout*(Vout_nom^2)*2.5*Rsense*K_1)/(eff*(G14^2)*K_FQ)*us -> #REF! | I14: =(1*10^-9*(5*10^8*SQRT(fsw*kHz)+(1.09655978*10^10)*SQRT(ftyp)*SQRT(H14)))/SQRT(fsw*kHz) -> #REF! | J14: =(b_1^3/(27*a_1^3))-(d_1^3/27)+SQRT((ftyp)^2*H14^2/(4*a_1^2*c_1^2*(fsw*kHz)^2))+(b_1^3*(ftyp)*H14/(27*a_1^4*c_1*(fsw*kHz))-(d_1^3*(ftyp)*H14/(27*a_1*c_1*(fsw*kHz)))+(b_1*d_1^2*(ftyp)*H14/(9*a_1^2*c_1*(fsw*kHz)))-(b_1^2*d_1*(ftyp)*H14/(9*a_1^3*c_1*(fsw*kHz)))) -> #REF! | K14: =(b_1*d_1^2/(9*a_1))-(b_1^2*d_1/(9*a_1^2))+(ftyp*H14/(2*a_1*c_1*fsw*kHz)) -> #REF! | L14: =(d_1^2/9)+(b_1^2/(9*a_1^2))-(2*b_1*d_1/(9*a_1)) -> 0.00045657097 | M14: =((b_1*c_1*fsw*kHz)+(2*a_1*c_1*d_1*fsw*kHz))/(3*a_1*c_1*fsw*kHz) -> #REF! | N14: =(J14+K14)^(1/3)+(L14/(J14^(1/3)))+M14 -> #REF! | O14: =(b_2^3/(27*a_2^3))-(d_2^3/27) -> 0.073252235 | P14: =(ftyp^2*H14^2/(4*a_2^2*c_2^2*(fsw*kHz)^2))+(b_2^3*ftyp*H14/(27*a_2^4*c_2*(fsw*kHz)))-(d_2^3*ftyp*H14/(27*a_2*c_2*(fsw*kHz)))+(b_2*d_2^2*ftyp*H14/(9*a_2^2*c_2*(fsw*kHz)))-(b_2^2*d_2*ftyp*H14/(9*a_2^3*c_2*(fsw*kHz))) -> #REF! | Q14: =(b_2*d_2^2/(9*a_2))-(b_2^2*d_2/(9*a_2^2))+(ftyp*H14/(2*a_2*c_2*(fsw*kHz))) -> #REF! | R14: =(d_2^2/9)+(b_2^2/(9*a_2^2))-(2*b_2*d_2/(9*a_2)) -> 0.067799508 | S14: =(b_2*c_2*(fsw*kHz)+2*a_2*c_2*d_2*(fsw*kHz))/(3*a_2*c_2*(fsw*kHz)) -> #REF! | T14: =((O14+SQRT(P14)+Q14)^(1/3))+(R14/((O14+SQRT(P14)+Q14)^(1/3)))+S14 -> #REF! | U14: =c_3+(SQRT(ftyp)*SQRT(H14)/(SQRT(a_3)*SQRT(b_3)*SQRT(fsw*kHz))) -> #REF! | V14: =(a_4*(fsw*kHz)*b_4/ftyp) -> #REF! | W14: =IF(I14>=0.5,IF(I14<1,I14,IF(N14>=1,IF(N14<2,N14,IF(T14>=2,IF(T14<4.5,T14,IF(U14>=4.5,IF(U14<4.6,U14,V14)))))))) -> #REF! | X14: =Pin_max/G14 -> #REF! | Y14: =-X14*Rsense*1.414 -> #REF! | Z14: =MIN(6,MAX(0.5,Beta*G*($Y14-Voff_trim)/(MAX(0,MIN(4.5,W14)-Alpha1_A)+MAX(0,MIN(4.5,W14)-Alpha1_B)-Alpha1_C)+Alpha2)) -> #REF!
A15: b1 | B15: 0.088 | D15: a1 | E15: 0.156 | G15: =G14+1 -> #REF! | H15: =(Iout*(Vout_nom^2)*2.5*Rsense*K_1)/(eff*(G15^2)*K_FQ)*us -> #REF! | I15: =(1*10^-9*(5*10^8*SQRT(fsw*kHz)+(1.09655978*10^10)*SQRT(ftyp)*SQRT(H15)))/SQRT(fsw*kHz) -> #REF! | J15: =(b_1^3/(27*a_1^3))-(d_1^3/27)+SQRT((ftyp)^2*H15^2/(4*a_1^2*c_1^2*(fsw*kHz)^2))+(b_1^3*(ftyp)*H15/(27*a_1^4*c_1*(fsw*kHz))-(d_1^3*(ftyp)*H15/(27*a_1*c_1*(fsw*kHz)))+(b_1*d_1^2*(ftyp)*H15/(9*a_1^2*c_1*(fsw*kHz)))-(b_1^2*d_1*(ftyp)*H15/(9*a_1^3*c_1*(fsw*kHz)))) -> #REF! | K15: =(b_1*d_1^2/(9*a_1))-(b_1^2*d_1/(9*a_1^2))+(ftyp*H15/(2*a_1*c_1*fsw*kHz)) -> #REF! | L15: =(d_1^2/9)+(b_1^2/(9*a_1^2))-(2*b_1*d_1/(9*a_1)) -> 0.00045657097 | M15: =((b_1*c_1*fsw*kHz)+(2*a_1*c_1*d_1*fsw*kHz))/(3*a_1*c_1*fsw*kHz) -> #REF! | N15: =(J15+K15)^(1/3)+(L15/(J15^(1/3)))+M15 -> #REF! | O15: =(b_2^3/(27*a_2^3))-(d_2^3/27) -> 0.073252235 | P15: =(ftyp^2*H15^2/(4*a_2^2*c_2^2*(fsw*kHz)^2))+(b_2^3*ftyp*H15/(27*a_2^4*c_2*(fsw*kHz)))-(d_2^3*ftyp*H15/(27*a_2*c_2*(fsw*kHz)))+(b_2*d_2^2*ftyp*H15/(9*a_2^2*c_2*(fsw*kHz)))-(b_2^2*d_2*ftyp*H15/(9*a_2^3*c_2*(fsw*kHz))) -> #REF! | Q15: =(b_2*d_2^2/(9*a_2))-(b_2^2*d_2/(9*a_2^2))+(ftyp*H15/(2*a_2*c_2*(fsw*kHz))) -> #REF! | R15: =(d_2^2/9)+(b_2^2/(9*a_2^2))-(2*b_2*d_2/(9*a_2)) -> 0.067799508 | S15: =(b_2*c_2*(fsw*kHz)+2*a_2*c_2*d_2*(fsw*kHz))/(3*a_2*c_2*(fsw*kHz)) -> #REF! | T15: =((O15+SQRT(P15)+Q15)^(1/3))+(R15/((O15+SQRT(P15)+Q15)^(1/3)))+S15 -> #REF! | U15: =c_3+(SQRT(ftyp)*SQRT(H15)/(SQRT(a_3)*SQRT(b_3)*SQRT(fsw*kHz))) -> #REF! | V15: =(a_4*(fsw*kHz)*b_4/ftyp) -> #REF! | W15: =IF(I15>=0.5,IF(I15<1,I15,IF(N15>=1,IF(N15<2,N15,IF(T15>=2,IF(T15<4.5,T15,IF(U15>=4.5,IF(U15<4.6,U15,V15)))))))) -> #REF! | X15: =Pin_max/G15 -> #REF! | Y15: =-X15*Rsense*1.414 -> #REF! | Z15: =MIN(6,MAX(0.5,Beta*G*($Y15-Voff_trim)/(MAX(0,MIN(4.5,W15)-Alpha1_A)+MAX(0,MIN(4.5,W15)-Alpha1_B)-Alpha1_C)+Alpha2)) -> #REF!
A16: c1 | B16: 0.1223 | D16: b1 | E16: 0.088 | G16: =G15+1 -> #REF! | H16: =(Iout*(Vout_nom^2)*2.5*Rsense*K_1)/(eff*(G16^2)*K_FQ)*us -> #REF! | I16: =(1*10^-9*(5*10^8*SQRT(fsw*kHz)+(1.09655978*10^10)*SQRT(ftyp)*SQRT(H16)))/SQRT(fsw*kHz) -> #REF! | J16: =(b_1^3/(27*a_1^3))-(d_1^3/27)+SQRT((ftyp)^2*H16^2/(4*a_1^2*c_1^2*(fsw*kHz)^2))+(b_1^3*(ftyp)*H16/(27*a_1^4*c_1*(fsw*kHz))-(d_1^3*(ftyp)*H16/(27*a_1*c_1*(fsw*kHz)))+(b_1*d_1^2*(ftyp)*H16/(9*a_1^2*c_1*(fsw*kHz)))-(b_1^2*d_1*(ftyp)*H16/(9*a_1^3*c_1*(fsw*kHz)))) -> #REF! | K16: =(b_1*d_1^2/(9*a_1))-(b_1^2*d_1/(9*a_1^2))+(ftyp*H16/(2*a_1*c_1*fsw*kHz)) -> #REF! | L16: =(d_1^2/9)+(b_1^2/(9*a_1^2))-(2*b_1*d_1/(9*a_1)) -> 0.00045657097 | M16: =((b_1*c_1*fsw*kHz)+(2*a_1*c_1*d_1*fsw*kHz))/(3*a_1*c_1*fsw*kHz) -> #REF! | N16: =(J16+K16)^(1/3)+(L16/(J16^(1/3)))+M16 -> #REF! | O16: =(b_2^3/(27*a_2^3))-(d_2^3/27) -> 0.073252235 | P16: =(ftyp^2*H16^2/(4*a_2^2*c_2^2*(fsw*kHz)^2))+(b_2^3*ftyp*H16/(27*a_2^4*c_2*(fsw*kHz)))-(d_2^3*ftyp*H16/(27*a_2*c_2*(fsw*kHz)))+(b_2*d_2^2*ftyp*H16/(9*a_2^2*c_2*(fsw*kHz)))-(b_2^2*d_2*ftyp*H16/(9*a_2^3*c_2*(fsw*kHz))) -> #REF! | Q16: =(b_2*d_2^2/(9*a_2))-(b_2^2*d_2/(9*a_2^2))+(ftyp*H16/(2*a_2*c_2*(fsw*kHz))) -> #REF! | R16: =(d_2^2/9)+(b_2^2/(9*a_2^2))-(2*b_2*d_2/(9*a_2)) -> 0.067799508 | S16: =(b_2*c_2*(fsw*kHz)+2*a_2*c_2*d_2*(fsw*kHz))/(3*a_2*c_2*(fsw*kHz)) -> #REF! | T16: =((O16+SQRT(P16)+Q16)^(1/3))+(R16/((O16+SQRT(P16)+Q16)^(1/3)))+S16 -> #REF! | U16: =c_3+(SQRT(ftyp)*SQRT(H16)/(SQRT(a_3)*SQRT(b_3)*SQRT(fsw*kHz))) -> #REF! | V16: =(a_4*(fsw*kHz)*b_4/ftyp) -> #REF! | W16: =IF(I16>=0.5,IF(I16<1,I16,IF(N16>=1,IF(N16<2,N16,IF(T16>=2,IF(T16<4.5,T16,IF(U16>=4.5,IF(U16<4.6,U16,V16)))))))) -> #REF! | X16: =Pin_max/G16 -> #REF! | Y16: =-X16*Rsense*1.414 -> #REF! | Z16: =MIN(6,MAX(0.5,Beta*G*($Y16-Voff_trim)/(MAX(0,MIN(4.5,W16)-Alpha1_A)+MAX(0,MIN(4.5,W16)-Alpha1_B)-Alpha1_C)+Alpha2)) -> #REF!
A17: d1 | B17: 0.5 | D17: c1 | E17: 0.1223 | G17: =G16+1 -> #REF! | H17: =(Iout*(Vout_nom^2)*2.5*Rsense*K_1)/(eff*(G17^2)*K_FQ)*us -> #REF! | I17: =(1*10^-9*(5*10^8*SQRT(fsw*kHz)+(1.09655978*10^10)*SQRT(ftyp)*SQRT(H17)))/SQRT(fsw*kHz) -> #REF! | J17: =(b_1^3/(27*a_1^3))-(d_1^3/27)+SQRT((ftyp)^2*H17^2/(4*a_1^2*c_1^2*(fsw*kHz)^2))+(b_1^3*(ftyp)*H17/(27*a_1^4*c_1*(fsw*kHz))-(d_1^3*(ftyp)*H17/(27*a_1*c_1*(fsw*kHz)))+(b_1*d_1^2*(ftyp)*H17/(9*a_1^2*c_1*(fsw*kHz)))-(b_1^2*d_1*(ftyp)*H17/(9*a_1^3*c_1*(fsw*kHz)))) -> #REF! | K17: =(b_1*d_1^2/(9*a_1))-(b_1^2*d_1/(9*a_1^2))+(ftyp*H17/(2*a_1*c_1*fsw*kHz)) -> #REF! | L17: =(d_1^2/9)+(b_1^2/(9*a_1^2))-(2*b_1*d_1/(9*a_1)) -> 0.00045657097 | M17: =((b_1*c_1*fsw*kHz)+(2*a_1*c_1*d_1*fsw*kHz))/(3*a_1*c_1*fsw*kHz) -> #REF! | N17: =(J17+K17)^(1/3)+(L17/(J17^(1/3)))+M17 -> #REF! | O17: =(b_2^3/(27*a_2^3))-(d_2^3/27) -> 0.073252235 | P17: =(ftyp^2*H17^2/(4*a_2^2*c_2^2*(fsw*kHz)^2))+(b_2^3*ftyp*H17/(27*a_2^4*c_2*(fsw*kHz)))-(d_2^3*ftyp*H17/(27*a_2*c_2*(fsw*kHz)))+(b_2*d_2^2*ftyp*H17/(9*a_2^2*c_2*(fsw*kHz)))-(b_2^2*d_2*ftyp*H17/(9*a_2^3*c_2*(fsw*kHz))) -> #REF! | Q17: =(b_2*d_2^2/(9*a_2))-(b_2^2*d_2/(9*a_2^2))+(ftyp*H17/(2*a_2*c_2*(fsw*kHz))) -> #REF! | R17: =(d_2^2/9)+(b_2^2/(9*a_2^2))-(2*b_2*d_2/(9*a_2)) -> 0.067799508 | S17: =(b_2*c_2*(fsw*kHz)+2*a_2*c_2*d_2*(fsw*kHz))/(3*a_2*c_2*(fsw*kHz)) -> #REF! | T17: =((O17+SQRT(P17)+Q17)^(1/3))+(R17/((O17+SQRT(P17)+Q17)^(1/3)))+S17 -> #REF! | U17: =c_3+(SQRT(ftyp)*SQRT(H17)/(SQRT(a_3)*SQRT(b_3)*SQRT(fsw*kHz))) -> #REF! | V17: =(a_4*(fsw*kHz)*b_4/ftyp) -> #REF! | W17: =IF(I17>=0.5,IF(I17<1,I17,IF(N17>=1,IF(N17<2,N17,IF(T17>=2,IF(T17<4.5,T17,IF(U17>=4.5,IF(U17<4.6,U17,V17)))))))) -> #REF! | X17: =Pin_max/G17 -> #REF! | Y17: =-X17*Rsense*1.414 -> #REF! | Z17: =MIN(6,MAX(0.5,Beta*G*($Y17-Voff_trim)/(MAX(0,MIN(4.5,W17)-Alpha1_A)+MAX(0,MIN(4.5,W17)-Alpha1_B)-Alpha1_C)+Alpha2)) -> #REF!
A18: K1V2 | B18: =(b_1^3/(27*a_1^3))-(d_1^3/27)+SQRT((ftyp)^2*B10^2/(4*a_1^2*c_1^2*(fsw*kHz)^2))+(b_1^3*(ftyp)*B10/(27*a_1^4*c_1*(fsw*kHz))-(d_1^3*(ftyp)*B10/(27*a_1*c_1*(fsw*kHz)))+(b_1*d_1^2*(ftyp)*B10/(9*a_1^2*c_1*(fsw*kHz)))-(b_1^2*d_1*(ftyp)*B10/(9*a_1^3*c_1*(fsw*kHz)))) -> #REF! | D18: d1 | E18: 0.5 | G18: =G17+1 -> #REF! | H18: =(Iout*(Vout_nom^2)*2.5*Rsense*K_1)/(eff*(G18^2)*K_FQ)*us -> #REF! | I18: =(1*10^-9*(5*10^8*SQRT(fsw*kHz)+(1.09655978*10^10)*SQRT(ftyp)*SQRT(H18)))/SQRT(fsw*kHz) -> #REF! | J18: =(b_1^3/(27*a_1^3))-(d_1^3/27)+SQRT((ftyp)^2*H18^2/(4*a_1^2*c_1^2*(fsw*kHz)^2))+(b_1^3*(ftyp)*H18/(27*a_1^4*c_1*(fsw*kHz))-(d_1^3*(ftyp)*H18/(27*a_1*c_1*(fsw*kHz)))+(b_1*d_1^2*(ftyp)*H18/(9*a_1^2*c_1*(fsw*kHz)))-(b_1^2*d_1*(ftyp)*H18/(9*a_1^3*c_1*(fsw*kHz)))) -> #REF! | K18: =(b_1*d_1^2/(9*a_1))-(b_1^2*d_1/(9*a_1^2))+(ftyp*H18/(2*a_1*c_1*fsw*kHz)) -> #REF! | L18: =(d_1^2/9)+(b_1^2/(9*a_1^2))-(2*b_1*d_1/(9*a_1)) -> 0.00045657097 | M18: =((b_1*c_1*fsw*kHz)+(2*a_1*c_1*d_1*fsw*kHz))/(3*a_1*c_1*fsw*kHz) -> #REF! | N18: =(J18+K18)^(1/3)+(L18/(J18^(1/3)))+M18 -> #REF! | O18: =(b_2^3/(27*a_2^3))-(d_2^3/27) -> 0.073252235 | P18: =(ftyp^2*H18^2/(4*a_2^2*c_2^2*(fsw*kHz)^2))+(b_2^3*ftyp*H18/(27*a_2^4*c_2*(fsw*kHz)))-(d_2^3*ftyp*H18/(27*a_2*c_2*(fsw*kHz)))+(b_2*d_2^2*ftyp*H18/(9*a_2^2*c_2*(fsw*kHz)))-(b_2^2*d_2*ftyp*H18/(9*a_2^3*c_2*(fsw*kHz))) -> #REF! | Q18: =(b_2*d_2^2/(9*a_2))-(b_2^2*d_2/(9*a_2^2))+(ftyp*H18/(2*a_2*c_2*(fsw*kHz))) -> #REF! | R18: =(d_2^2/9)+(b_2^2/(9*a_2^2))-(2*b_2*d_2/(9*a_2)) -> 0.067799508 | S18: =(b_2*c_2*(fsw*kHz)+2*a_2*c_2*d_2*(fsw*kHz))/(3*a_2*c_2*(fsw*kHz)) -> #REF! | T18: =((O18+SQRT(P18)+Q18)^(1/3))+(R18/((O18+SQRT(P18)+Q18)^(1/3)))+S18 -> #REF! | U18: =c_3+(SQRT(ftyp)*SQRT(H18)/(SQRT(a_3)*SQRT(b_3)*SQRT(fsw*kHz))) -> #REF! | V18: =(a_4*(fsw*kHz)*b_4/ftyp) -> #REF! | W18: =IF(I18>=0.5,IF(I18<1,I18,IF(N18>=1,IF(N18<2,N18,IF(T18>=2,IF(T18<4.5,T18,IF(U18>=4.5,IF(U18<4.6,U18,V18)))))))) -> #REF! | X18: =Pin_max/G18 -> #REF! | Y18: =-X18*Rsense*1.414 -> #REF! | Z18: =MIN(6,MAX(0.5,Beta*G*($Y18-Voff_trim)/(MAX(0,MIN(4.5,W18)-Alpha1_A)+MAX(0,MIN(4.5,W18)-Alpha1_B)-Alpha1_C)+Alpha2)) -> #REF!
A19: K2V2 | B19: =(b_1*d_1^2/(9*a_1))-(b_1^2*d_1/(9*a_1^2))+(ftyp*B10/(2*a_1*c_1*fsw*kHz)) -> #REF! | D19: K1V2 | E19: =(b_1^3/(27*a_1^3))-(d_1^3/27)+SQRT((ftyp)^2*E11^2/(4*a_1^2*c_1^2*(fsw*kHz)^2))+(b_1^3*(ftyp)*E11/(27*a_1^4*c_1*(fsw*kHz))-(d_1^3*(ftyp)*E11/(27*a_1*c_1*(fsw*kHz)))+(b_1*d_1^2*(ftyp)*E11/(9*a_1^2*c_1*(fsw*kHz)))-(b_1^2*d_1*(ftyp)*E11/(9*a_1^3*c_1*(fsw*kHz)))) -> #REF! | G19: =G18+1 -> #REF! | H19: =(Iout*(Vout_nom^2)*2.5*Rsense*K_1)/(eff*(G19^2)*K_FQ)*us -> #REF! | I19: =(1*10^-9*(5*10^8*SQRT(fsw*kHz)+(1.09655978*10^10)*SQRT(ftyp)*SQRT(H19)))/SQRT(fsw*kHz) -> #REF! | J19: =(b_1^3/(27*a_1^3))-(d_1^3/27)+SQRT((ftyp)^2*H19^2/(4*a_1^2*c_1^2*(fsw*kHz)^2))+(b_1^3*(ftyp)*H19/(27*a_1^4*c_1*(fsw*kHz))-(d_1^3*(ftyp)*H19/(27*a_1*c_1*(fsw*kHz)))+(b_1*d_1^2*(ftyp)*H19/(9*a_1^2*c_1*(fsw*kHz)))-(b_1^2*d_1*(ftyp)*H19/(9*a_1^3*c_1*(fsw*kHz)))) -> #REF! | K19: =(b_1*d_1^2/(9*a_1))-(b_1^2*d_1/(9*a_1^2))+(ftyp*H19/(2*a_1*c_1*fsw*kHz)) -> #REF! | L19: =(d_1^2/9)+(b_1^2/(9*a_1^2))-(2*b_1*d_1/(9*a_1)) -> 0.00045657097 | M19: =((b_1*c_1*fsw*kHz)+(2*a_1*c_1*d_1*fsw*kHz))/(3*a_1*c_1*fsw*kHz) -> #REF! | N19: =(J19+K19)^(1/3)+(L19/(J19^(1/3)))+M19 -> #REF! | O19: =(b_2^3/(27*a_2^3))-(d_2^3/27) -> 0.073252235 | P19: =(ftyp^2*H19^2/(4*a_2^2*c_2^2*(fsw*kHz)^2))+(b_2^3*ftyp*H19/(27*a_2^4*c_2*(fsw*kHz)))-(d_2^3*ftyp*H19/(27*a_2*c_2*(fsw*kHz)))+(b_2*d_2^2*ftyp*H19/(9*a_2^2*c_2*(fsw*kHz)))-(b_2^2*d_2*ftyp*H19/(9*a_2^3*c_2*(fsw*kHz))) -> #REF! | Q19: =(b_2*d_2^2/(9*a_2))-(b_2^2*d_2/(9*a_2^2))+(ftyp*H19/(2*a_2*c_2*(fsw*kHz))) -> #REF! | R19: =(d_2^2/9)+(b_2^2/(9*a_2^2))-(2*b_2*d_2/(9*a_2)) -> 0.067799508 | S19: =(b_2*c_2*(fsw*kHz)+2*a_2*c_2*d_2*(fsw*kHz))/(3*a_2*c_2*(fsw*kHz)) -> #REF! | T19: =((O19+SQRT(P19)+Q19)^(1/3))+(R19/((O19+SQRT(P19)+Q19)^(1/3)))+S19 -> #REF! | U19: =c_3+(SQRT(ftyp)*SQRT(H19)/(SQRT(a_3)*SQRT(b_3)*SQRT(fsw*kHz))) -> #REF! | V19: =(a_4*(fsw*kHz)*b_4/ftyp) -> #REF! | W19: =IF(I19>=0.5,IF(I19<1,I19,IF(N19>=1,IF(N19<2,N19,IF(T19>=2,IF(T19<4.5,T19,IF(U19>=4.5,IF(U19<4.6,U19,V19)))))))) -> #REF! | X19: =Pin_max/G19 -> #REF! | Y19: =-X19*Rsense*1.414 -> #REF! | Z19: =MIN(6,MAX(0.5,Beta*G*($Y19-Voff_trim)/(MAX(0,MIN(4.5,W19)-Alpha1_A)+MAX(0,MIN(4.5,W19)-Alpha1_B)-Alpha1_C)+Alpha2)) -> #REF!
A20: K3V2 | B20: =(d_1^2/9)+(b_1^2/(9*a_1^2))-(2*b_1*d_1/(9*a_1)) -> 0.00045657097 | D20: K2V2 | E20: =(b_1*d_1^2/(9*a_1))-(b_1^2*d_1/(9*a_1^2))+(ftyp*E11/(2*a_1*c_1*fsw*kHz)) -> #REF! | G20: =G19+1 -> #REF! | H20: =(Iout*(Vout_nom^2)*2.5*Rsense*K_1)/(eff*(G20^2)*K_FQ)*us -> #REF! | I20: =(1*10^-9*(5*10^8*SQRT(fsw*kHz)+(1.09655978*10^10)*SQRT(ftyp)*SQRT(H20)))/SQRT(fsw*kHz) -> #REF! | J20: =(b_1^3/(27*a_1^3))-(d_1^3/27)+SQRT((ftyp)^2*H20^2/(4*a_1^2*c_1^2*(fsw*kHz)^2))+(b_1^3*(ftyp)*H20/(27*a_1^4*c_1*(fsw*kHz))-(d_1^3*(ftyp)*H20/(27*a_1*c_1*(fsw*kHz)))+(b_1*d_1^2*(ftyp)*H20/(9*a_1^2*c_1*(fsw*kHz)))-(b_1^2*d_1*(ftyp)*H20/(9*a_1^3*c_1*(fsw*kHz)))) -> #REF! | K20: =(b_1*d_1^2/(9*a_1))-(b_1^2*d_1/(9*a_1^2))+(ftyp*H20/(2*a_1*c_1*fsw*kHz)) -> #REF! | L20: =(d_1^2/9)+(b_1^2/(9*a_1^2))-(2*b_1*d_1/(9*a_1)) -> 0.00045657097 | M20: =((b_1*c_1*fsw*kHz)+(2*a_1*c_1*d_1*fsw*kHz))/(3*a_1*c_1*fsw*kHz) -> #REF! | N20: =(J20+K20)^(1/3)+(L20/(J20^(1/3)))+M20 -> #REF! | O20: =(b_2^3/(27*a_2^3))-(d_2^3/27) -> 0.073252235 | P20: =(ftyp^2*H20^2/(4*a_2^2*c_2^2*(fsw*kHz)^2))+(b_2^3*ftyp*H20/(27*a_2^4*c_2*(fsw*kHz)))-(d_2^3*ftyp*H20/(27*a_2*c_2*(fsw*kHz)))+(b_2*d_2^2*ftyp*H20/(9*a_2^2*c_2*(fsw*kHz)))-(b_2^2*d_2*ftyp*H20/(9*a_2^3*c_2*(fsw*kHz))) -> #REF! | Q20: =(b_2*d_2^2/(9*a_2))-(b_2^2*d_2/(9*a_2^2))+(ftyp*H20/(2*a_2*c_2*(fsw*kHz))) -> #REF! | R20: =(d_2^2/9)+(b_2^2/(9*a_2^2))-(2*b_2*d_2/(9*a_2)) -> 0.067799508 | S20: =(b_2*c_2*(fsw*kHz)+2*a_2*c_2*d_2*(fsw*kHz))/(3*a_2*c_2*(fsw*kHz)) -> #REF! | T20: =((O20+SQRT(P20)+Q20)^(1/3))+(R20/((O20+SQRT(P20)+Q20)^(1/3)))+S20 -> #REF! | U20: =c_3+(SQRT(ftyp)*SQRT(H20)/(SQRT(a_3)*SQRT(b_3)*SQRT(fsw*kHz))) -> #REF! | V20: =(a_4*(fsw*kHz)*b_4/ftyp) -> #REF! | W20: =IF(I20>=0.5,IF(I20<1,I20,IF(N20>=1,IF(N20<2,N20,IF(T20>=2,IF(T20<4.5,T20,IF(U20>=4.5,IF(U20<4.6,U20,V20)))))))) -> #REF! | X20: =Pin_max/G20 -> #REF! | Y20: =-X20*Rsense*1.414 -> #REF! | Z20: =MIN(6,MAX(0.5,Beta*G*($Y20-Voff_trim)/(MAX(0,MIN(4.5,W20)-Alpha1_A)+MAX(0,MIN(4.5,W20)-Alpha1_B)-Alpha1_C)+Alpha2)) -> #REF!
A21: K4V2 | B21: =((b_1*c_1*fsw*kHz)+(2*a_1*c_1*d_1*fsw*kHz))/(3*a_1*c_1*fsw*kHz) -> #REF! | D21: K3V2 | E21: =(d_1^2/9)+(b_1^2/(9*a_1^2))-(2*b_1*d_1/(9*a_1)) -> 0.00045657097 | G21: =G20+1 -> #REF! | H21: =(Iout*(Vout_nom^2)*2.5*Rsense*K_1)/(eff*(G21^2)*K_FQ)*us -> #REF! | I21: =(1*10^-9*(5*10^8*SQRT(fsw*kHz)+(1.09655978*10^10)*SQRT(ftyp)*SQRT(H21)))/SQRT(fsw*kHz) -> #REF! | J21: =(b_1^3/(27*a_1^3))-(d_1^3/27)+SQRT((ftyp)^2*H21^2/(4*a_1^2*c_1^2*(fsw*kHz)^2))+(b_1^3*(ftyp)*H21/(27*a_1^4*c_1*(fsw*kHz))-(d_1^3*(ftyp)*H21/(27*a_1*c_1*(fsw*kHz)))+(b_1*d_1^2*(ftyp)*H21/(9*a_1^2*c_1*(fsw*kHz)))-(b_1^2*d_1*(ftyp)*H21/(9*a_1^3*c_1*(fsw*kHz)))) -> #REF! | K21: =(b_1*d_1^2/(9*a_1))-(b_1^2*d_1/(9*a_1^2))+(ftyp*H21/(2*a_1*c_1*fsw*kHz)) -> #REF! | L21: =(d_1^2/9)+(b_1^2/(9*a_1^2))-(2*b_1*d_1/(9*a_1)) -> 0.00045657097 | M21: =((b_1*c_1*fsw*kHz)+(2*a_1*c_1*d_1*fsw*kHz))/(3*a_1*c_1*fsw*kHz) -> #REF! | N21: =(J21+K21)^(1/3)+(L21/(J21^(1/3)))+M21 -> #REF! | O21: =(b_2^3/(27*a_2^3))-(d_2^3/27) -> 0.073252235 | P21: =(ftyp^2*H21^2/(4*a_2^2*c_2^2*(fsw*kHz)^2))+(b_2^3*ftyp*H21/(27*a_2^4*c_2*(fsw*kHz)))-(d_2^3*ftyp*H21/(27*a_2*c_2*(fsw*kHz)))+(b_2*d_2^2*ftyp*H21/(9*a_2^2*c_2*(fsw*kHz)))-(b_2^2*d_2*ftyp*H21/(9*a_2^3*c_2*(fsw*kHz))) -> #REF! | Q21: =(b_2*d_2^2/(9*a_2))-(b_2^2*d_2/(9*a_2^2))+(ftyp*H21/(2*a_2*c_2*(fsw*kHz))) -> #REF! | R21: =(d_2^2/9)+(b_2^2/(9*a_2^2))-(2*b_2*d_2/(9*a_2)) -> 0.067799508 | S21: =(b_2*c_2*(fsw*kHz)+2*a_2*c_2*d_2*(fsw*kHz))/(3*a_2*c_2*(fsw*kHz)) -> #REF! | T21: =((O21+SQRT(P21)+Q21)^(1/3))+(R21/((O21+SQRT(P21)+Q21)^(1/3)))+S21 -> #REF! | U21: =c_3+(SQRT(ftyp)*SQRT(H21)/(SQRT(a_3)*SQRT(b_3)*SQRT(fsw*kHz))) -> #REF! | V21: =(a_4*(fsw*kHz)*b_4/ftyp) -> #REF! | W21: =IF(I21>=0.5,IF(I21<1,I21,IF(N21>=1,IF(N21<2,N21,IF(T21>=2,IF(T21<4.5,T21,IF(U21>=4.5,IF(U21<4.6,U21,V21)))))))) -> #REF! | X21: =Pin_max/G21 -> #REF! | Y21: =-X21*Rsense*1.414 -> #REF! | Z21: =MIN(6,MAX(0.5,Beta*G*($Y21-Voff_trim)/(MAX(0,MIN(4.5,W21)-Alpha1_A)+MAX(0,MIN(4.5,W21)-Alpha1_B)-Alpha1_C)+Alpha2)) -> #REF!
A22: VCOMP2 | B22: =(B18+B19)^(1/3)+(B20/(B18^(1/3)))+B21 -> #REF! | D22: K4V2 | E22: =((b_1*c_1*fsw*kHz)+(2*a_1*c_1*d_1*fsw*kHz))/(3*a_1*c_1*fsw*kHz) -> #REF! | G22: =G21+1 -> #REF! | H22: =(Iout*(Vout_nom^2)*2.5*Rsense*K_1)/(eff*(G22^2)*K_FQ)*us -> #REF! | I22: =(1*10^-9*(5*10^8*SQRT(fsw*kHz)+(1.09655978*10^10)*SQRT(ftyp)*SQRT(H22)))/SQRT(fsw*kHz) -> #REF! | J22: =(b_1^3/(27*a_1^3))-(d_1^3/27)+SQRT((ftyp)^2*H22^2/(4*a_1^2*c_1^2*(fsw*kHz)^2))+(b_1^3*(ftyp)*H22/(27*a_1^4*c_1*(fsw*kHz))-(d_1^3*(ftyp)*H22/(27*a_1*c_1*(fsw*kHz)))+(b_1*d_1^2*(ftyp)*H22/(9*a_1^2*c_1*(fsw*kHz)))-(b_1^2*d_1*(ftyp)*H22/(9*a_1^3*c_1*(fsw*kHz)))) -> #REF! | K22: =(b_1*d_1^2/(9*a_1))-(b_1^2*d_1/(9*a_1^2))+(ftyp*H22/(2*a_1*c_1*fsw*kHz)) -> #REF! | L22: =(d_1^2/9)+(b_1^2/(9*a_1^2))-(2*b_1*d_1/(9*a_1)) -> 0.00045657097 | M22: =((b_1*c_1*fsw*kHz)+(2*a_1*c_1*d_1*fsw*kHz))/(3*a_1*c_1*fsw*kHz) -> #REF! | N22: =(J22+K22)^(1/3)+(L22/(J22^(1/3)))+M22 -> #REF! | O22: =(b_2^3/(27*a_2^3))-(d_2^3/27) -> 0.073252235 | P22: =(ftyp^2*H22^2/(4*a_2^2*c_2^2*(fsw*kHz)^2))+(b_2^3*ftyp*H22/(27*a_2^4*c_2*(fsw*kHz)))-(d_2^3*ftyp*H22/(27*a_2*c_2*(fsw*kHz)))+(b_2*d_2^2*ftyp*H22/(9*a_2^2*c_2*(fsw*kHz)))-(b_2^2*d_2*ftyp*H22/(9*a_2^3*c_2*(fsw*kHz))) -> #REF! | Q22: =(b_2*d_2^2/(9*a_2))-(b_2^2*d_2/(9*a_2^2))+(ftyp*H22/(2*a_2*c_2*(fsw*kHz))) -> #REF! | R22: =(d_2^2/9)+(b_2^2/(9*a_2^2))-(2*b_2*d_2/(9*a_2)) -> 0.067799508 | S22: =(b_2*c_2*(fsw*kHz)+2*a_2*c_2*d_2*(fsw*kHz))/(3*a_2*c_2*(fsw*kHz)) -> #REF! | T22: =((O22+SQRT(P22)+Q22)^(1/3))+(R22/((O22+SQRT(P22)+Q22)^(1/3)))+S22 -> #REF! | U22: =c_3+(SQRT(ftyp)*SQRT(H22)/(SQRT(a_3)*SQRT(b_3)*SQRT(fsw*kHz))) -> #REF! | V22: =(a_4*(fsw*kHz)*b_4/ftyp) -> #REF! | W22: =IF(I22>=0.5,IF(I22<1,I22,IF(N22>=1,IF(N22<2,N22,IF(T22>=2,IF(T22<4.5,T22,IF(U22>=4.5,IF(U22<4.6,U22,V22)))))))) -> #REF! | X22: =Pin_max/G22 -> #REF! | Y22: =-X22*Rsense*1.414 -> #REF! | Z22: =MIN(6,MAX(0.5,Beta*G*($Y22-Voff_trim)/(MAX(0,MIN(4.5,W22)-Alpha1_A)+MAX(0,MIN(4.5,W22)-Alpha1_B)-Alpha1_C)+Alpha2)) -> #REF!
D23: VCOMP2 | E23: =(E19+E20)^(1/3)+(E21/(E19^(1/3)))+E22 -> #REF! | G23: =G22+1 -> #REF! | H23: =(Iout*(Vout_nom^2)*2.5*Rsense*K_1)/(eff*(G23^2)*K_FQ)*us -> #REF! | I23: =(1*10^-9*(5*10^8*SQRT(fsw*kHz)+(1.09655978*10^10)*SQRT(ftyp)*SQRT(H23)))/SQRT(fsw*kHz) -> #REF! | J23: =(b_1^3/(27*a_1^3))-(d_1^3/27)+SQRT((ftyp)^2*H23^2/(4*a_1^2*c_1^2*(fsw*kHz)^2))+(b_1^3*(ftyp)*H23/(27*a_1^4*c_1*(fsw*kHz))-(d_1^3*(ftyp)*H23/(27*a_1*c_1*(fsw*kHz)))+(b_1*d_1^2*(ftyp)*H23/(9*a_1^2*c_1*(fsw*kHz)))-(b_1^2*d_1*(ftyp)*H23/(9*a_1^3*c_1*(fsw*kHz)))) -> #REF! | K23: =(b_1*d_1^2/(9*a_1))-(b_1^2*d_1/(9*a_1^2))+(ftyp*H23/(2*a_1*c_1*fsw*kHz)) -> #REF! | L23: =(d_1^2/9)+(b_1^2/(9*a_1^2))-(2*b_1*d_1/(9*a_1)) -> 0.00045657097 | M23: =((b_1*c_1*fsw*kHz)+(2*a_1*c_1*d_1*fsw*kHz))/(3*a_1*c_1*fsw*kHz) -> #REF! | N23: =(J23+K23)^(1/3)+(L23/(J23^(1/3)))+M23 -> #REF! | O23: =(b_2^3/(27*a_2^3))-(d_2^3/27) -> 0.073252235 | P23: =(ftyp^2*H23^2/(4*a_2^2*c_2^2*(fsw*kHz)^2))+(b_2^3*ftyp*H23/(27*a_2^4*c_2*(fsw*kHz)))-(d_2^3*ftyp*H23/(27*a_2*c_2*(fsw*kHz)))+(b_2*d_2^2*ftyp*H23/(9*a_2^2*c_2*(fsw*kHz)))-(b_2^2*d_2*ftyp*H23/(9*a_2^3*c_2*(fsw*kHz))) -> #REF! | Q23: =(b_2*d_2^2/(9*a_2))-(b_2^2*d_2/(9*a_2^2))+(ftyp*H23/(2*a_2*c_2*(fsw*kHz))) -> #REF! | R23: =(d_2^2/9)+(b_2^2/(9*a_2^2))-(2*b_2*d_2/(9*a_2)) -> 0.067799508 | S23: =(b_2*c_2*(fsw*kHz)+2*a_2*c_2*d_2*(fsw*kHz))/(3*a_2*c_2*(fsw*kHz)) -> #REF! | T23: =((O23+SQRT(P23)+Q23)^(1/3))+(R23/((O23+SQRT(P23)+Q23)^(1/3)))+S23 -> #REF! | U23: =c_3+(SQRT(ftyp)*SQRT(H23)/(SQRT(a_3)*SQRT(b_3)*SQRT(fsw*kHz))) -> #REF! | V23: =(a_4*(fsw*kHz)*b_4/ftyp) -> #REF! | W23: =IF(I23>=0.5,IF(I23<1,I23,IF(N23>=1,IF(N23<2,N23,IF(T23>=2,IF(T23<4.5,T23,IF(U23>=4.5,IF(U23<4.6,U23,V23)))))))) -> #REF! | X23: =Pin_max/G23 -> #REF! | Y23: =-X23*Rsense*1.414 -> #REF! | Z23: =MIN(6,MAX(0.5,Beta*G*($Y23-Voff_trim)/(MAX(0,MIN(4.5,W23)-Alpha1_A)+MAX(0,MIN(4.5,W23)-Alpha1_B)-Alpha1_C)+Alpha2)) -> #REF!
A24: a2 | B24: 0.313 | G24: =G23+1 -> #REF! | H24: =(Iout*(Vout_nom^2)*2.5*Rsense*K_1)/(eff*(G24^2)*K_FQ)*us -> #REF! | I24: =(1*10^-9*(5*10^8*SQRT(fsw*kHz)+(1.09655978*10^10)*SQRT(ftyp)*SQRT(H24)))/SQRT(fsw*kHz) -> #REF! | J24: =(b_1^3/(27*a_1^3))-(d_1^3/27)+SQRT((ftyp)^2*H24^2/(4*a_1^2*c_1^2*(fsw*kHz)^2))+(b_1^3*(ftyp)*H24/(27*a_1^4*c_1*(fsw*kHz))-(d_1^3*(ftyp)*H24/(27*a_1*c_1*(fsw*kHz)))+(b_1*d_1^2*(ftyp)*H24/(9*a_1^2*c_1*(fsw*kHz)))-(b_1^2*d_1*(ftyp)*H24/(9*a_1^3*c_1*(fsw*kHz)))) -> #REF! | K24: =(b_1*d_1^2/(9*a_1))-(b_1^2*d_1/(9*a_1^2))+(ftyp*H24/(2*a_1*c_1*fsw*kHz)) -> #REF! | L24: =(d_1^2/9)+(b_1^2/(9*a_1^2))-(2*b_1*d_1/(9*a_1)) -> 0.00045657097 | M24: =((b_1*c_1*fsw*kHz)+(2*a_1*c_1*d_1*fsw*kHz))/(3*a_1*c_1*fsw*kHz) -> #REF! | N24: =(J24+K24)^(1/3)+(L24/(J24^(1/3)))+M24 -> #REF! | O24: =(b_2^3/(27*a_2^3))-(d_2^3/27) -> 0.073252235 | P24: =(ftyp^2*H24^2/(4*a_2^2*c_2^2*(fsw*kHz)^2))+(b_2^3*ftyp*H24/(27*a_2^4*c_2*(fsw*kHz)))-(d_2^3*ftyp*H24/(27*a_2*c_2*(fsw*kHz)))+(b_2*d_2^2*ftyp*H24/(9*a_2^2*c_2*(fsw*kHz)))-(b_2^2*d_2*ftyp*H24/(9*a_2^3*c_2*(fsw*kHz))) -> #REF! | Q24: =(b_2*d_2^2/(9*a_2))-(b_2^2*d_2/(9*a_2^2))+(ftyp*H24/(2*a_2*c_2*(fsw*kHz))) -> #REF! | R24: =(d_2^2/9)+(b_2^2/(9*a_2^2))-(2*b_2*d_2/(9*a_2)) -> 0.067799508 | S24: =(b_2*c_2*(fsw*kHz)+2*a_2*c_2*d_2*(fsw*kHz))/(3*a_2*c_2*(fsw*kHz)) -> #REF! | T24: =((O24+SQRT(P24)+Q24)^(1/3))+(R24/((O24+SQRT(P24)+Q24)^(1/3)))+S24 -> #REF! | U24: =c_3+(SQRT(ftyp)*SQRT(H24)/(SQRT(a_3)*SQRT(b_3)*SQRT(fsw*kHz))) -> #REF! | V24: =(a_4*(fsw*kHz)*b_4/ftyp) -> #REF! | W24: =IF(I24>=0.5,IF(I24<1,I24,IF(N24>=1,IF(N24<2,N24,IF(T24>=2,IF(T24<4.5,T24,IF(U24>=4.5,IF(U24<4.6,U24,V24)))))))) -> #REF! | X24: =Pin_max/G24 -> #REF! | Y24: =-X24*Rsense*1.414 -> #REF! | Z24: =MIN(6,MAX(0.5,Beta*G*($Y24-Voff_trim)/(MAX(0,MIN(4.5,W24)-Alpha1_A)+MAX(0,MIN(4.5,W24)-Alpha1_B)-Alpha1_C)+Alpha2)) -> #REF!
A25: b2 | B25: 0.401 | D25: a2 | E25: 0.313 | G25: =G24+1 -> #REF! | H25: =(Iout*(Vout_nom^2)*2.5*Rsense*K_1)/(eff*(G25^2)*K_FQ)*us -> #REF! | I25: =(1*10^-9*(5*10^8*SQRT(fsw*kHz)+(1.09655978*10^10)*SQRT(ftyp)*SQRT(H25)))/SQRT(fsw*kHz) -> #REF! | J25: =(b_1^3/(27*a_1^3))-(d_1^3/27)+SQRT((ftyp)^2*H25^2/(4*a_1^2*c_1^2*(fsw*kHz)^2))+(b_1^3*(ftyp)*H25/(27*a_1^4*c_1*(fsw*kHz))-(d_1^3*(ftyp)*H25/(27*a_1*c_1*(fsw*kHz)))+(b_1*d_1^2*(ftyp)*H25/(9*a_1^2*c_1*(fsw*kHz)))-(b_1^2*d_1*(ftyp)*H25/(9*a_1^3*c_1*(fsw*kHz)))) -> #REF! | K25: =(b_1*d_1^2/(9*a_1))-(b_1^2*d_1/(9*a_1^2))+(ftyp*H25/(2*a_1*c_1*fsw*kHz)) -> #REF! | L25: =(d_1^2/9)+(b_1^2/(9*a_1^2))-(2*b_1*d_1/(9*a_1)) -> 0.00045657097 | M25: =((b_1*c_1*fsw*kHz)+(2*a_1*c_1*d_1*fsw*kHz))/(3*a_1*c_1*fsw*kHz) -> #REF! | N25: =(J25+K25)^(1/3)+(L25/(J25^(1/3)))+M25 -> #REF! | O25: =(b_2^3/(27*a_2^3))-(d_2^3/27) -> 0.073252235 | P25: =(ftyp^2*H25^2/(4*a_2^2*c_2^2*(fsw*kHz)^2))+(b_2^3*ftyp*H25/(27*a_2^4*c_2*(fsw*kHz)))-(d_2^3*ftyp*H25/(27*a_2*c_2*(fsw*kHz)))+(b_2*d_2^2*ftyp*H25/(9*a_2^2*c_2*(fsw*kHz)))-(b_2^2*d_2*ftyp*H25/(9*a_2^3*c_2*(fsw*kHz))) -> #REF! | Q25: =(b_2*d_2^2/(9*a_2))-(b_2^2*d_2/(9*a_2^2))+(ftyp*H25/(2*a_2*c_2*(fsw*kHz))) -> #REF! | R25: =(d_2^2/9)+(b_2^2/(9*a_2^2))-(2*b_2*d_2/(9*a_2)) -> 0.067799508 | S25: =(b_2*c_2*(fsw*kHz)+2*a_2*c_2*d_2*(fsw*kHz))/(3*a_2*c_2*(fsw*kHz)) -> #REF! | T25: =((O25+SQRT(P25)+Q25)^(1/3))+(R25/((O25+SQRT(P25)+Q25)^(1/3)))+S25 -> #REF! | U25: =c_3+(SQRT(ftyp)*SQRT(H25)/(SQRT(a_3)*SQRT(b_3)*SQRT(fsw*kHz))) -> #REF! | V25: =(a_4*(fsw*kHz)*b_4/ftyp) -> #REF! | W25: =IF(I25>=0.5,IF(I25<1,I25,IF(N25>=1,IF(N25<2,N25,IF(T25>=2,IF(T25<4.5,T25,IF(U25>=4.5,IF(U25<4.6,U25,V25)))))))) -> #REF! | X25: =Pin_max/G25 -> #REF! | Y25: =-X25*Rsense*1.414 -> #REF! | Z25: =MIN(6,MAX(0.5,Beta*G*($Y25-Voff_trim)/(MAX(0,MIN(4.5,W25)-Alpha1_A)+MAX(0,MIN(4.5,W25)-Alpha1_B)-Alpha1_C)+Alpha2)) -> #REF!
A26: c2 | B26: 0.1223 | D26: b2 | E26: 0.401 | G26: =G25+1 -> #REF! | H26: =(Iout*(Vout_nom^2)*2.5*Rsense*K_1)/(eff*(G26^2)*K_FQ)*us -> #REF! | I26: =(1*10^-9*(5*10^8*SQRT(fsw*kHz)+(1.09655978*10^10)*SQRT(ftyp)*SQRT(H26)))/SQRT(fsw*kHz) -> #REF! | J26: =(b_1^3/(27*a_1^3))-(d_1^3/27)+SQRT((ftyp)^2*H26^2/(4*a_1^2*c_1^2*(fsw*kHz)^2))+(b_1^3*(ftyp)*H26/(27*a_1^4*c_1*(fsw*kHz))-(d_1^3*(ftyp)*H26/(27*a_1*c_1*(fsw*kHz)))+(b_1*d_1^2*(ftyp)*H26/(9*a_1^2*c_1*(fsw*kHz)))-(b_1^2*d_1*(ftyp)*H26/(9*a_1^3*c_1*(fsw*kHz)))) -> #REF! | K26: =(b_1*d_1^2/(9*a_1))-(b_1^2*d_1/(9*a_1^2))+(ftyp*H26/(2*a_1*c_1*fsw*kHz)) -> #REF! | L26: =(d_1^2/9)+(b_1^2/(9*a_1^2))-(2*b_1*d_1/(9*a_1)) -> 0.00045657097 | M26: =((b_1*c_1*fsw*kHz)+(2*a_1*c_1*d_1*fsw*kHz))/(3*a_1*c_1*fsw*kHz) -> #REF! | N26: =(J26+K26)^(1/3)+(L26/(J26^(1/3)))+M26 -> #REF! | O26: =(b_2^3/(27*a_2^3))-(d_2^3/27) -> 0.073252235 | P26: =(ftyp^2*H26^2/(4*a_2^2*c_2^2*(fsw*kHz)^2))+(b_2^3*ftyp*H26/(27*a_2^4*c_2*(fsw*kHz)))-(d_2^3*ftyp*H26/(27*a_2*c_2*(fsw*kHz)))+(b_2*d_2^2*ftyp*H26/(9*a_2^2*c_2*(fsw*kHz)))-(b_2^2*d_2*ftyp*H26/(9*a_2^3*c_2*(fsw*kHz))) -> #REF! | Q26: =(b_2*d_2^2/(9*a_2))-(b_2^2*d_2/(9*a_2^2))+(ftyp*H26/(2*a_2*c_2*(fsw*kHz))) -> #REF! | R26: =(d_2^2/9)+(b_2^2/(9*a_2^2))-(2*b_2*d_2/(9*a_2)) -> 0.067799508 | S26: =(b_2*c_2*(fsw*kHz)+2*a_2*c_2*d_2*(fsw*kHz))/(3*a_2*c_2*(fsw*kHz)) -> #REF! | T26: =((O26+SQRT(P26)+Q26)^(1/3))+(R26/((O26+SQRT(P26)+Q26)^(1/3)))+S26 -> #REF! | U26: =c_3+(SQRT(ftyp)*SQRT(H26)/(SQRT(a_3)*SQRT(b_3)*SQRT(fsw*kHz))) -> #REF! | V26: =(a_4*(fsw*kHz)*b_4/ftyp) -> #REF! | W26: =IF(I26>=0.5,IF(I26<1,I26,IF(N26>=1,IF(N26<2,N26,IF(T26>=2,IF(T26<4.5,T26,IF(U26>=4.5,IF(U26<4.6,U26,V26)))))))) -> #REF! | X26: =Pin_max/G26 -> #REF! | Y26: =-X26*Rsense*1.414 -> #REF! | Z26: =MIN(6,MAX(0.5,Beta*G*($Y26-Voff_trim)/(MAX(0,MIN(4.5,W26)-Alpha1_A)+MAX(0,MIN(4.5,W26)-Alpha1_B)-Alpha1_C)+Alpha2)) -> #REF!
A27: d2 | B27: 0.5 | D27: c2 | E27: 0.1223 | G27: =G26+1 -> #REF! | H27: =(Iout*(Vout_nom^2)*2.5*Rsense*K_1)/(eff*(G27^2)*K_FQ)*us -> #REF! | I27: =(1*10^-9*(5*10^8*SQRT(fsw*kHz)+(1.09655978*10^10)*SQRT(ftyp)*SQRT(H27)))/SQRT(fsw*kHz) -> #REF! | J27: =(b_1^3/(27*a_1^3))-(d_1^3/27)+SQRT((ftyp)^2*H27^2/(4*a_1^2*c_1^2*(fsw*kHz)^2))+(b_1^3*(ftyp)*H27/(27*a_1^4*c_1*(fsw*kHz))-(d_1^3*(ftyp)*H27/(27*a_1*c_1*(fsw*kHz)))+(b_1*d_1^2*(ftyp)*H27/(9*a_1^2*c_1*(fsw*kHz)))-(b_1^2*d_1*(ftyp)*H27/(9*a_1^3*c_1*(fsw*kHz)))) -> #REF! | K27: =(b_1*d_1^2/(9*a_1))-(b_1^2*d_1/(9*a_1^2))+(ftyp*H27/(2*a_1*c_1*fsw*kHz)) -> #REF! | L27: =(d_1^2/9)+(b_1^2/(9*a_1^2))-(2*b_1*d_1/(9*a_1)) -> 0.00045657097 | M27: =((b_1*c_1*fsw*kHz)+(2*a_1*c_1*d_1*fsw*kHz))/(3*a_1*c_1*fsw*kHz) -> #REF! | N27: =(J27+K27)^(1/3)+(L27/(J27^(1/3)))+M27 -> #REF! | O27: =(b_2^3/(27*a_2^3))-(d_2^3/27) -> 0.073252235 | P27: =(ftyp^2*H27^2/(4*a_2^2*c_2^2*(fsw*kHz)^2))+(b_2^3*ftyp*H27/(27*a_2^4*c_2*(fsw*kHz)))-(d_2^3*ftyp*H27/(27*a_2*c_2*(fsw*kHz)))+(b_2*d_2^2*ftyp*H27/(9*a_2^2*c_2*(fsw*kHz)))-(b_2^2*d_2*ftyp*H27/(9*a_2^3*c_2*(fsw*kHz))) -> #REF! | Q27: =(b_2*d_2^2/(9*a_2))-(b_2^2*d_2/(9*a_2^2))+(ftyp*H27/(2*a_2*c_2*(fsw*kHz))) -> #REF! | R27: =(d_2^2/9)+(b_2^2/(9*a_2^2))-(2*b_2*d_2/(9*a_2)) -> 0.067799508 | S27: =(b_2*c_2*(fsw*kHz)+2*a_2*c_2*d_2*(fsw*kHz))/(3*a_2*c_2*(fsw*kHz)) -> #REF! | T27: =((O27+SQRT(P27)+Q27)^(1/3))+(R27/((O27+SQRT(P27)+Q27)^(1/3)))+S27 -> #REF! | U27: =c_3+(SQRT(ftyp)*SQRT(H27)/(SQRT(a_3)*SQRT(b_3)*SQRT(fsw*kHz))) -> #REF! | V27: =(a_4*(fsw*kHz)*b_4/ftyp) -> #REF! | W27: =IF(I27>=0.5,IF(I27<1,I27,IF(N27>=1,IF(N27<2,N27,IF(T27>=2,IF(T27<4.5,T27,IF(U27>=4.5,IF(U27<4.6,U27,V27)))))))) -> #REF! | X27: =Pin_max/G27 -> #REF! | Y27: =-X27*Rsense*1.414 -> #REF! | Z27: =MIN(6,MAX(0.5,Beta*G*($Y27-Voff_trim)/(MAX(0,MIN(4.5,W27)-Alpha1_A)+MAX(0,MIN(4.5,W27)-Alpha1_B)-Alpha1_C)+Alpha2)) -> #REF!
A28: K1V3 | B28: =(b_2^3/(27*a_2^3))-(d_2^3/27) -> 0.073252235 | D28: d2 | E28: 0.5 | G28: =G27+1 -> #REF! | H28: =(Iout*(Vout_nom^2)*2.5*Rsense*K_1)/(eff*(G28^2)*K_FQ)*us -> #REF! | I28: =(1*10^-9*(5*10^8*SQRT(fsw*kHz)+(1.09655978*10^10)*SQRT(ftyp)*SQRT(H28)))/SQRT(fsw*kHz) -> #REF! | J28: =(b_1^3/(27*a_1^3))-(d_1^3/27)+SQRT((ftyp)^2*H28^2/(4*a_1^2*c_1^2*(fsw*kHz)^2))+(b_1^3*(ftyp)*H28/(27*a_1^4*c_1*(fsw*kHz))-(d_1^3*(ftyp)*H28/(27*a_1*c_1*(fsw*kHz)))+(b_1*d_1^2*(ftyp)*H28/(9*a_1^2*c_1*(fsw*kHz)))-(b_1^2*d_1*(ftyp)*H28/(9*a_1^3*c_1*(fsw*kHz)))) -> #REF! | K28: =(b_1*d_1^2/(9*a_1))-(b_1^2*d_1/(9*a_1^2))+(ftyp*H28/(2*a_1*c_1*fsw*kHz)) -> #REF! | L28: =(d_1^2/9)+(b_1^2/(9*a_1^2))-(2*b_1*d_1/(9*a_1)) -> 0.00045657097 | M28: =((b_1*c_1*fsw*kHz)+(2*a_1*c_1*d_1*fsw*kHz))/(3*a_1*c_1*fsw*kHz) -> #REF! | N28: =(J28+K28)^(1/3)+(L28/(J28^(1/3)))+M28 -> #REF! | O28: =(b_2^3/(27*a_2^3))-(d_2^3/27) -> 0.073252235 | P28: =(ftyp^2*H28^2/(4*a_2^2*c_2^2*(fsw*kHz)^2))+(b_2^3*ftyp*H28/(27*a_2^4*c_2*(fsw*kHz)))-(d_2^3*ftyp*H28/(27*a_2*c_2*(fsw*kHz)))+(b_2*d_2^2*ftyp*H28/(9*a_2^2*c_2*(fsw*kHz)))-(b_2^2*d_2*ftyp*H28/(9*a_2^3*c_2*(fsw*kHz))) -> #REF! | Q28: =(b_2*d_2^2/(9*a_2))-(b_2^2*d_2/(9*a_2^2))+(ftyp*H28/(2*a_2*c_2*(fsw*kHz))) -> #REF! | R28: =(d_2^2/9)+(b_2^2/(9*a_2^2))-(2*b_2*d_2/(9*a_2)) -> 0.067799508 | S28: =(b_2*c_2*(fsw*kHz)+2*a_2*c_2*d_2*(fsw*kHz))/(3*a_2*c_2*(fsw*kHz)) -> #REF! | T28: =((O28+SQRT(P28)+Q28)^(1/3))+(R28/((O28+SQRT(P28)+Q28)^(1/3)))+S28 -> #REF! | U28: =c_3+(SQRT(ftyp)*SQRT(H28)/(SQRT(a_3)*SQRT(b_3)*SQRT(fsw*kHz))) -> #REF! | V28: =(a_4*(fsw*kHz)*b_4/ftyp) -> #REF! | W28: =IF(I28>=0.5,IF(I28<1,I28,IF(N28>=1,IF(N28<2,N28,IF(T28>=2,IF(T28<4.5,T28,IF(U28>=4.5,IF(U28<4.6,U28,V28)))))))) -> #REF! | X28: =Pin_max/G28 -> #REF! | Y28: =-X28*Rsense*1.414 -> #REF! | Z28: =MIN(6,MAX(0.5,Beta*G*($Y28-Voff_trim)/(MAX(0,MIN(4.5,W28)-Alpha1_A)+MAX(0,MIN(4.5,W28)-Alpha1_B)-Alpha1_C)+Alpha2)) -> #REF!
A29: K2V3 | B29: =(ftyp^2*B10^2/(4*a_2^2*c_2^2*(fsw*kHz)^2))+(b_2^3*ftyp*B10/(27*a_2^4*c_2*(fsw*kHz)))-(d_2^3*ftyp*B10/(27*a_2*c_2*(fsw*kHz)))+(b_2*d_2^2*ftyp*B10/(9*a_2^2*c_2*(fsw*kHz)))-(b_2^2*d_2*ftyp*B10/(9*a_2^3*c_2*(fsw*kHz))) -> #REF! | D29: K1V3 | E29: =(b_2^3/(27*a_2^3))-(d_2^3/27) -> 0.073252235 | G29: =G28+1 -> #REF! | H29: =(Iout*(Vout_nom^2)*2.5*Rsense*K_1)/(eff*(G29^2)*K_FQ)*us -> #REF! | I29: =(1*10^-9*(5*10^8*SQRT(fsw*kHz)+(1.09655978*10^10)*SQRT(ftyp)*SQRT(H29)))/SQRT(fsw*kHz) -> #REF! | J29: =(b_1^3/(27*a_1^3))-(d_1^3/27)+SQRT((ftyp)^2*H29^2/(4*a_1^2*c_1^2*(fsw*kHz)^2))+(b_1^3*(ftyp)*H29/(27*a_1^4*c_1*(fsw*kHz))-(d_1^3*(ftyp)*H29/(27*a_1*c_1*(fsw*kHz)))+(b_1*d_1^2*(ftyp)*H29/(9*a_1^2*c_1*(fsw*kHz)))-(b_1^2*d_1*(ftyp)*H29/(9*a_1^3*c_1*(fsw*kHz)))) -> #REF! | K29: =(b_1*d_1^2/(9*a_1))-(b_1^2*d_1/(9*a_1^2))+(ftyp*H29/(2*a_1*c_1*fsw*kHz)) -> #REF! | L29: =(d_1^2/9)+(b_1^2/(9*a_1^2))-(2*b_1*d_1/(9*a_1)) -> 0.00045657097 | M29: =((b_1*c_1*fsw*kHz)+(2*a_1*c_1*d_1*fsw*kHz))/(3*a_1*c_1*fsw*kHz) -> #REF! | N29: =(J29+K29)^(1/3)+(L29/(J29^(1/3)))+M29 -> #REF! | O29: =(b_2^3/(27*a_2^3))-(d_2^3/27) -> 0.073252235 | P29: =(ftyp^2*H29^2/(4*a_2^2*c_2^2*(fsw*kHz)^2))+(b_2^3*ftyp*H29/(27*a_2^4*c_2*(fsw*kHz)))-(d_2^3*ftyp*H29/(27*a_2*c_2*(fsw*kHz)))+(b_2*d_2^2*ftyp*H29/(9*a_2^2*c_2*(fsw*kHz)))-(b_2^2*d_2*ftyp*H29/(9*a_2^3*c_2*(fsw*kHz))) -> #REF! | Q29: =(b_2*d_2^2/(9*a_2))-(b_2^2*d_2/(9*a_2^2))+(ftyp*H29/(2*a_2*c_2*(fsw*kHz))) -> #REF! | R29: =(d_2^2/9)+(b_2^2/(9*a_2^2))-(2*b_2*d_2/(9*a_2)) -> 0.067799508 | S29: =(b_2*c_2*(fsw*kHz)+2*a_2*c_2*d_2*(fsw*kHz))/(3*a_2*c_2*(fsw*kHz)) -> #REF! | T29: =((O29+SQRT(P29)+Q29)^(1/3))+(R29/((O29+SQRT(P29)+Q29)^(1/3)))+S29 -> #REF! | U29: =c_3+(SQRT(ftyp)*SQRT(H29)/(SQRT(a_3)*SQRT(b_3)*SQRT(fsw*kHz))) -> #REF! | V29: =(a_4*(fsw*kHz)*b_4/ftyp) -> #REF! | W29: =IF(I29>=0.5,IF(I29<1,I29,IF(N29>=1,IF(N29<2,N29,IF(T29>=2,IF(T29<4.5,T29,IF(U29>=4.5,IF(U29<4.6,U29,V29)))))))) -> #REF! | X29: =Pin_max/G29 -> #REF! | Y29: =-X29*Rsense*1.414 -> #REF! | Z29: =MIN(6,MAX(0.5,Beta*G*($Y29-Voff_trim)/(MAX(0,MIN(4.5,W29)-Alpha1_A)+MAX(0,MIN(4.5,W29)-Alpha1_B)-Alpha1_C)+Alpha2)) -> #REF!
A30: K3V3 | B30: =(b_2*d_2^2/(9*a_2))-(b_2^2*d_2/(9*a_2^2))+(ftyp*B10/(2*a_2*c_2*(fsw*kHz))) -> #REF! | D30: K2V3 | E30: =(ftyp^2*E11^2/(4*a_2^2*c_2^2*(fsw*kHz)^2))+(b_2^3*ftyp*E11/(27*a_2^4*c_2*(fsw*kHz)))-(d_2^3*ftyp*E11/(27*a_2*c_2*(fsw*kHz)))+(b_2*d_2^2*ftyp*E11/(9*a_2^2*c_2*(fsw*kHz)))-(b_2^2*d_2*ftyp*E11/(9*a_2^3*c_2*(fsw*kHz))) -> #REF! | G30: =G29+1 -> #REF! | H30: =(Iout*(Vout_nom^2)*2.5*Rsense*K_1)/(eff*(G30^2)*K_FQ)*us -> #REF! | I30: =(1*10^-9*(5*10^8*SQRT(fsw*kHz)+(1.09655978*10^10)*SQRT(ftyp)*SQRT(H30)))/SQRT(fsw*kHz) -> #REF! | J30: =(b_1^3/(27*a_1^3))-(d_1^3/27)+SQRT((ftyp)^2*H30^2/(4*a_1^2*c_1^2*(fsw*kHz)^2))+(b_1^3*(ftyp)*H30/(27*a_1^4*c_1*(fsw*kHz))-(d_1^3*(ftyp)*H30/(27*a_1*c_1*(fsw*kHz)))+(b_1*d_1^2*(ftyp)*H30/(9*a_1^2*c_1*(fsw*kHz)))-(b_1^2*d_1*(ftyp)*H30/(9*a_1^3*c_1*(fsw*kHz)))) -> #REF! | K30: =(b_1*d_1^2/(9*a_1))-(b_1^2*d_1/(9*a_1^2))+(ftyp*H30/(2*a_1*c_1*fsw*kHz)) -> #REF! | L30: =(d_1^2/9)+(b_1^2/(9*a_1^2))-(2*b_1*d_1/(9*a_1)) -> 0.00045657097 | M30: =((b_1*c_1*fsw*kHz)+(2*a_1*c_1*d_1*fsw*kHz))/(3*a_1*c_1*fsw*kHz) -> #REF! | N30: =(J30+K30)^(1/3)+(L30/(J30^(1/3)))+M30 -> #REF! | O30: =(b_2^3/(27*a_2^3))-(d_2^3/27) -> 0.073252235 | P30: =(ftyp^2*H30^2/(4*a_2^2*c_2^2*(fsw*kHz)^2))+(b_2^3*ftyp*H30/(27*a_2^4*c_2*(fsw*kHz)))-(d_2^3*ftyp*H30/(27*a_2*c_2*(fsw*kHz)))+(b_2*d_2^2*ftyp*H30/(9*a_2^2*c_2*(fsw*kHz)))-(b_2^2*d_2*ftyp*H30/(9*a_2^3*c_2*(fsw*kHz))) -> #REF! | Q30: =(b_2*d_2^2/(9*a_2))-(b_2^2*d_2/(9*a_2^2))+(ftyp*H30/(2*a_2*c_2*(fsw*kHz))) -> #REF! | R30: =(d_2^2/9)+(b_2^2/(9*a_2^2))-(2*b_2*d_2/(9*a_2)) -> 0.067799508 | S30: =(b_2*c_2*(fsw*kHz)+2*a_2*c_2*d_2*(fsw*kHz))/(3*a_2*c_2*(fsw*kHz)) -> #REF! | T30: =((O30+SQRT(P30)+Q30)^(1/3))+(R30/((O30+SQRT(P30)+Q30)^(1/3)))+S30 -> #REF! | U30: =c_3+(SQRT(ftyp)*SQRT(H30)/(SQRT(a_3)*SQRT(b_3)*SQRT(fsw*kHz))) -> #REF! | V30: =(a_4*(fsw*kHz)*b_4/ftyp) -> #REF! | W30: =IF(I30>=0.5,IF(I30<1,I30,IF(N30>=1,IF(N30<2,N30,IF(T30>=2,IF(T30<4.5,T30,IF(U30>=4.5,IF(U30<4.6,U30,V30)))))))) -> #REF! | X30: =Pin_max/G30 -> #REF! | Y30: =-X30*Rsense*1.414 -> #REF! | Z30: =MIN(6,MAX(0.5,Beta*G*($Y30-Voff_trim)/(MAX(0,MIN(4.5,W30)-Alpha1_A)+MAX(0,MIN(4.5,W30)-Alpha1_B)-Alpha1_C)+Alpha2)) -> #REF!
A31: K4V3 | B31: =(d_2^2/9)+(b_2^2/(9*a_2^2))-(2*b_2*d_2/(9*a_2)) -> 0.067799508 | D31: K3V3 | E31: =(b_2*d_2^2/(9*a_2))-(b_2^2*d_2/(9*a_2^2))+(ftyp*E11/(2*a_2*c_2*(fsw*kHz))) -> #REF! | G31: =G30+1 -> #REF! | H31: =(Iout*(Vout_nom^2)*2.5*Rsense*K_1)/(eff*(G31^2)*K_FQ)*us -> #REF! | I31: =(1*10^-9*(5*10^8*SQRT(fsw*kHz)+(1.09655978*10^10)*SQRT(ftyp)*SQRT(H31)))/SQRT(fsw*kHz) -> #REF! | J31: =(b_1^3/(27*a_1^3))-(d_1^3/27)+SQRT((ftyp)^2*H31^2/(4*a_1^2*c_1^2*(fsw*kHz)^2))+(b_1^3*(ftyp)*H31/(27*a_1^4*c_1*(fsw*kHz))-(d_1^3*(ftyp)*H31/(27*a_1*c_1*(fsw*kHz)))+(b_1*d_1^2*(ftyp)*H31/(9*a_1^2*c_1*(fsw*kHz)))-(b_1^2*d_1*(ftyp)*H31/(9*a_1^3*c_1*(fsw*kHz)))) -> #REF! | K31: =(b_1*d_1^2/(9*a_1))-(b_1^2*d_1/(9*a_1^2))+(ftyp*H31/(2*a_1*c_1*fsw*kHz)) -> #REF! | L31: =(d_1^2/9)+(b_1^2/(9*a_1^2))-(2*b_1*d_1/(9*a_1)) -> 0.00045657097 | M31: =((b_1*c_1*fsw*kHz)+(2*a_1*c_1*d_1*fsw*kHz))/(3*a_1*c_1*fsw*kHz) -> #REF! | N31: =(J31+K31)^(1/3)+(L31/(J31^(1/3)))+M31 -> #REF! | O31: =(b_2^3/(27*a_2^3))-(d_2^3/27) -> 0.073252235 | P31: =(ftyp^2*H31^2/(4*a_2^2*c_2^2*(fsw*kHz)^2))+(b_2^3*ftyp*H31/(27*a_2^4*c_2*(fsw*kHz)))-(d_2^3*ftyp*H31/(27*a_2*c_2*(fsw*kHz)))+(b_2*d_2^2*ftyp*H31/(9*a_2^2*c_2*(fsw*kHz)))-(b_2^2*d_2*ftyp*H31/(9*a_2^3*c_2*(fsw*kHz))) -> #REF! | Q31: =(b_2*d_2^2/(9*a_2))-(b_2^2*d_2/(9*a_2^2))+(ftyp*H31/(2*a_2*c_2*(fsw*kHz))) -> #REF! | R31: =(d_2^2/9)+(b_2^2/(9*a_2^2))-(2*b_2*d_2/(9*a_2)) -> 0.067799508 | S31: =(b_2*c_2*(fsw*kHz)+2*a_2*c_2*d_2*(fsw*kHz))/(3*a_2*c_2*(fsw*kHz)) -> #REF! | T31: =((O31+SQRT(P31)+Q31)^(1/3))+(R31/((O31+SQRT(P31)+Q31)^(1/3)))+S31 -> #REF! | U31: =c_3+(SQRT(ftyp)*SQRT(H31)/(SQRT(a_3)*SQRT(b_3)*SQRT(fsw*kHz))) -> #REF! | V31: =(a_4*(fsw*kHz)*b_4/ftyp) -> #REF! | W31: =IF(I31>=0.5,IF(I31<1,I31,IF(N31>=1,IF(N31<2,N31,IF(T31>=2,IF(T31<4.5,T31,IF(U31>=4.5,IF(U31<4.6,U31,V31)))))))) -> #REF! | X31: =Pin_max/G31 -> #REF! | Y31: =-X31*Rsense*1.414 -> #REF! | Z31: =MIN(6,MAX(0.5,Beta*G*($Y31-Voff_trim)/(MAX(0,MIN(4.5,W31)-Alpha1_A)+MAX(0,MIN(4.5,W31)-Alpha1_B)-Alpha1_C)+Alpha2)) -> #REF!
A32: K5V3 | B32: =(b_2*c_2*(fsw*kHz)+2*a_2*c_2*d_2*(fsw*kHz))/(3*a_2*c_2*(fsw*kHz)) -> #REF! | D32: K4V3 | E32: =(d_2^2/9)+(b_2^2/(9*a_2^2))-(2*b_2*d_2/(9*a_2)) -> 0.067799508 | G32: =G31+1 -> #REF! | H32: =(Iout*(Vout_nom^2)*2.5*Rsense*K_1)/(eff*(G32^2)*K_FQ)*us -> #REF! | I32: =(1*10^-9*(5*10^8*SQRT(fsw*kHz)+(1.09655978*10^10)*SQRT(ftyp)*SQRT(H32)))/SQRT(fsw*kHz) -> #REF! | J32: =(b_1^3/(27*a_1^3))-(d_1^3/27)+SQRT((ftyp)^2*H32^2/(4*a_1^2*c_1^2*(fsw*kHz)^2))+(b_1^3*(ftyp)*H32/(27*a_1^4*c_1*(fsw*kHz))-(d_1^3*(ftyp)*H32/(27*a_1*c_1*(fsw*kHz)))+(b_1*d_1^2*(ftyp)*H32/(9*a_1^2*c_1*(fsw*kHz)))-(b_1^2*d_1*(ftyp)*H32/(9*a_1^3*c_1*(fsw*kHz)))) -> #REF! | K32: =(b_1*d_1^2/(9*a_1))-(b_1^2*d_1/(9*a_1^2))+(ftyp*H32/(2*a_1*c_1*fsw*kHz)) -> #REF! | L32: =(d_1^2/9)+(b_1^2/(9*a_1^2))-(2*b_1*d_1/(9*a_1)) -> 0.00045657097 | M32: =((b_1*c_1*fsw*kHz)+(2*a_1*c_1*d_1*fsw*kHz))/(3*a_1*c_1*fsw*kHz) -> #REF! | N32: =(J32+K32)^(1/3)+(L32/(J32^(1/3)))+M32 -> #REF! | O32: =(b_2^3/(27*a_2^3))-(d_2^3/27) -> 0.073252235 | P32: =(ftyp^2*H32^2/(4*a_2^2*c_2^2*(fsw*kHz)^2))+(b_2^3*ftyp*H32/(27*a_2^4*c_2*(fsw*kHz)))-(d_2^3*ftyp*H32/(27*a_2*c_2*(fsw*kHz)))+(b_2*d_2^2*ftyp*H32/(9*a_2^2*c_2*(fsw*kHz)))-(b_2^2*d_2*ftyp*H32/(9*a_2^3*c_2*(fsw*kHz))) -> #REF! | Q32: =(b_2*d_2^2/(9*a_2))-(b_2^2*d_2/(9*a_2^2))+(ftyp*H32/(2*a_2*c_2*(fsw*kHz))) -> #REF! | R32: =(d_2^2/9)+(b_2^2/(9*a_2^2))-(2*b_2*d_2/(9*a_2)) -> 0.067799508 | S32: =(b_2*c_2*(fsw*kHz)+2*a_2*c_2*d_2*(fsw*kHz))/(3*a_2*c_2*(fsw*kHz)) -> #REF! | T32: =((O32+SQRT(P32)+Q32)^(1/3))+(R32/((O32+SQRT(P32)+Q32)^(1/3)))+S32 -> #REF! | U32: =c_3+(SQRT(ftyp)*SQRT(H32)/(SQRT(a_3)*SQRT(b_3)*SQRT(fsw*kHz))) -> #REF! | V32: =(a_4*(fsw*kHz)*b_4/ftyp) -> #REF! | W32: =IF(I32>=0.5,IF(I32<1,I32,IF(N32>=1,IF(N32<2,N32,IF(T32>=2,IF(T32<4.5,T32,IF(U32>=4.5,IF(U32<4.6,U32,V32)))))))) -> #REF! | X32: =Pin_max/G32 -> #REF! | Y32: =-X32*Rsense*1.414 -> #REF! | Z32: =MIN(6,MAX(0.5,Beta*G*($Y32-Voff_trim)/(MAX(0,MIN(4.5,W32)-Alpha1_A)+MAX(0,MIN(4.5,W32)-Alpha1_B)-Alpha1_C)+Alpha2)) -> #REF!
A33: VCOMP3 | B33: =((B28+SQRT(B29)+B30)^(1/3))+(B31/((B28+SQRT(B29)+B30)^(1/3)))+B32 -> #REF! | D33: K5V3 | E33: =(b_2*c_2*(fsw*kHz)+2*a_2*c_2*d_2*(fsw*kHz))/(3*a_2*c_2*(fsw*kHz)) -> #REF! | G33: =G32+1 -> #REF! | H33: =(Iout*(Vout_nom^2)*2.5*Rsense*K_1)/(eff*(G33^2)*K_FQ)*us -> #REF! | I33: =(1*10^-9*(5*10^8*SQRT(fsw*kHz)+(1.09655978*10^10)*SQRT(ftyp)*SQRT(H33)))/SQRT(fsw*kHz) -> #REF! | J33: =(b_1^3/(27*a_1^3))-(d_1^3/27)+SQRT((ftyp)^2*H33^2/(4*a_1^2*c_1^2*(fsw*kHz)^2))+(b_1^3*(ftyp)*H33/(27*a_1^4*c_1*(fsw*kHz))-(d_1^3*(ftyp)*H33/(27*a_1*c_1*(fsw*kHz)))+(b_1*d_1^2*(ftyp)*H33/(9*a_1^2*c_1*(fsw*kHz)))-(b_1^2*d_1*(ftyp)*H33/(9*a_1^3*c_1*(fsw*kHz)))) -> #REF! | K33: =(b_1*d_1^2/(9*a_1))-(b_1^2*d_1/(9*a_1^2))+(ftyp*H33/(2*a_1*c_1*fsw*kHz)) -> #REF! | L33: =(d_1^2/9)+(b_1^2/(9*a_1^2))-(2*b_1*d_1/(9*a_1)) -> 0.00045657097 | M33: =((b_1*c_1*fsw*kHz)+(2*a_1*c_1*d_1*fsw*kHz))/(3*a_1*c_1*fsw*kHz) -> #REF! | N33: =(J33+K33)^(1/3)+(L33/(J33^(1/3)))+M33 -> #REF! | O33: =(b_2^3/(27*a_2^3))-(d_2^3/27) -> 0.073252235 | P33: =(ftyp^2*H33^2/(4*a_2^2*c_2^2*(fsw*kHz)^2))+(b_2^3*ftyp*H33/(27*a_2^4*c_2*(fsw*kHz)))-(d_2^3*ftyp*H33/(27*a_2*c_2*(fsw*kHz)))+(b_2*d_2^2*ftyp*H33/(9*a_2^2*c_2*(fsw*kHz)))-(b_2^2*d_2*ftyp*H33/(9*a_2^3*c_2*(fsw*kHz))) -> #REF! | Q33: =(b_2*d_2^2/(9*a_2))-(b_2^2*d_2/(9*a_2^2))+(ftyp*H33/(2*a_2*c_2*(fsw*kHz))) -> #REF! | R33: =(d_2^2/9)+(b_2^2/(9*a_2^2))-(2*b_2*d_2/(9*a_2)) -> 0.067799508 | S33: =(b_2*c_2*(fsw*kHz)+2*a_2*c_2*d_2*(fsw*kHz))/(3*a_2*c_2*(fsw*kHz)) -> #REF! | T33: =((O33+SQRT(P33)+Q33)^(1/3))+(R33/((O33+SQRT(P33)+Q33)^(1/3)))+S33 -> #REF! | U33: =c_3+(SQRT(ftyp)*SQRT(H33)/(SQRT(a_3)*SQRT(b_3)*SQRT(fsw*kHz))) -> #REF! | V33: =(a_4*(fsw*kHz)*b_4/ftyp) -> #REF! | W33: =IF(I33>=0.5,IF(I33<1,I33,IF(N33>=1,IF(N33<2,N33,IF(T33>=2,IF(T33<4.5,T33,IF(U33>=4.5,IF(U33<4.6,U33,V33)))))))) -> #REF! | X33: =Pin_max/G33 -> #REF! | Y33: =-X33*Rsense*1.414 -> #REF! | Z33: =MIN(6,MAX(0.5,Beta*G*($Y33-Voff_trim)/(MAX(0,MIN(4.5,W33)-Alpha1_A)+MAX(0,MIN(4.5,W33)-Alpha1_B)-Alpha1_C)+Alpha2)) -> #REF!
D34: VCOMP3 | E34: =((E29+SQRT(E30)+E31)^(1/3))+(E32/((E29+SQRT(E30)+E31)^(1/3)))+E33 -> #REF! | G34: =G33+1 -> #REF! | H34: =(Iout*(Vout_nom^2)*2.5*Rsense*K_1)/(eff*(G34^2)*K_FQ)*us -> #REF! | I34: =(1*10^-9*(5*10^8*SQRT(fsw*kHz)+(1.09655978*10^10)*SQRT(ftyp)*SQRT(H34)))/SQRT(fsw*kHz) -> #REF! | J34: =(b_1^3/(27*a_1^3))-(d_1^3/27)+SQRT((ftyp)^2*H34^2/(4*a_1^2*c_1^2*(fsw*kHz)^2))+(b_1^3*(ftyp)*H34/(27*a_1^4*c_1*(fsw*kHz))-(d_1^3*(ftyp)*H34/(27*a_1*c_1*(fsw*kHz)))+(b_1*d_1^2*(ftyp)*H34/(9*a_1^2*c_1*(fsw*kHz)))-(b_1^2*d_1*(ftyp)*H34/(9*a_1^3*c_1*(fsw*kHz)))) -> #REF! | K34: =(b_1*d_1^2/(9*a_1))-(b_1^2*d_1/(9*a_1^2))+(ftyp*H34/(2*a_1*c_1*fsw*kHz)) -> #REF! | L34: =(d_1^2/9)+(b_1^2/(9*a_1^2))-(2*b_1*d_1/(9*a_1)) -> 0.00045657097 | M34: =((b_1*c_1*fsw*kHz)+(2*a_1*c_1*d_1*fsw*kHz))/(3*a_1*c_1*fsw*kHz) -> #REF! | N34: =(J34+K34)^(1/3)+(L34/(J34^(1/3)))+M34 -> #REF! | O34: =(b_2^3/(27*a_2^3))-(d_2^3/27) -> 0.073252235 | P34: =(ftyp^2*H34^2/(4*a_2^2*c_2^2*(fsw*kHz)^2))+(b_2^3*ftyp*H34/(27*a_2^4*c_2*(fsw*kHz)))-(d_2^3*ftyp*H34/(27*a_2*c_2*(fsw*kHz)))+(b_2*d_2^2*ftyp*H34/(9*a_2^2*c_2*(fsw*kHz)))-(b_2^2*d_2*ftyp*H34/(9*a_2^3*c_2*(fsw*kHz))) -> #REF! | Q34: =(b_2*d_2^2/(9*a_2))-(b_2^2*d_2/(9*a_2^2))+(ftyp*H34/(2*a_2*c_2*(fsw*kHz))) -> #REF! | R34: =(d_2^2/9)+(b_2^2/(9*a_2^2))-(2*b_2*d_2/(9*a_2)) -> 0.067799508 | S34: =(b_2*c_2*(fsw*kHz)+2*a_2*c_2*d_2*(fsw*kHz))/(3*a_2*c_2*(fsw*kHz)) -> #REF! | T34: =((O34+SQRT(P34)+Q34)^(1/3))+(R34/((O34+SQRT(P34)+Q34)^(1/3)))+S34 -> #REF! | U34: =c_3+(SQRT(ftyp)*SQRT(H34)/(SQRT(a_3)*SQRT(b_3)*SQRT(fsw*kHz))) -> #REF! | V34: =(a_4*(fsw*kHz)*b_4/ftyp) -> #REF! | W34: =IF(I34>=0.5,IF(I34<1,I34,IF(N34>=1,IF(N34<2,N34,IF(T34>=2,IF(T34<4.5,T34,IF(U34>=4.5,IF(U34<4.6,U34,V34)))))))) -> #REF! | X34: =Pin_max/G34 -> #REF! | Y34: =-X34*Rsense*1.414 -> #REF! | Z34: =MIN(6,MAX(0.5,Beta*G*($Y34-Voff_trim)/(MAX(0,MIN(4.5,W34)-Alpha1_A)+MAX(0,MIN(4.5,W34)-Alpha1_B)-Alpha1_C)+Alpha2)) -> #REF!
A35: a3 | B35: 1.007 | G35: =G34+1 -> #REF! | H35: =(Iout*(Vout_nom^2)*2.5*Rsense*K_1)/(eff*(G35^2)*K_FQ)*us -> #REF! | I35: =(1*10^-9*(5*10^8*SQRT(fsw*kHz)+(1.09655978*10^10)*SQRT(ftyp)*SQRT(H35)))/SQRT(fsw*kHz) -> #REF! | J35: =(b_1^3/(27*a_1^3))-(d_1^3/27)+SQRT((ftyp)^2*H35^2/(4*a_1^2*c_1^2*(fsw*kHz)^2))+(b_1^3*(ftyp)*H35/(27*a_1^4*c_1*(fsw*kHz))-(d_1^3*(ftyp)*H35/(27*a_1*c_1*(fsw*kHz)))+(b_1*d_1^2*(ftyp)*H35/(9*a_1^2*c_1*(fsw*kHz)))-(b_1^2*d_1*(ftyp)*H35/(9*a_1^3*c_1*(fsw*kHz)))) -> #REF! | K35: =(b_1*d_1^2/(9*a_1))-(b_1^2*d_1/(9*a_1^2))+(ftyp*H35/(2*a_1*c_1*fsw*kHz)) -> #REF! | L35: =(d_1^2/9)+(b_1^2/(9*a_1^2))-(2*b_1*d_1/(9*a_1)) -> 0.00045657097 | M35: =((b_1*c_1*fsw*kHz)+(2*a_1*c_1*d_1*fsw*kHz))/(3*a_1*c_1*fsw*kHz) -> #REF! | N35: =(J35+K35)^(1/3)+(L35/(J35^(1/3)))+M35 -> #REF! | O35: =(b_2^3/(27*a_2^3))-(d_2^3/27) -> 0.073252235 | P35: =(ftyp^2*H35^2/(4*a_2^2*c_2^2*(fsw*kHz)^2))+(b_2^3*ftyp*H35/(27*a_2^4*c_2*(fsw*kHz)))-(d_2^3*ftyp*H35/(27*a_2*c_2*(fsw*kHz)))+(b_2*d_2^2*ftyp*H35/(9*a_2^2*c_2*(fsw*kHz)))-(b_2^2*d_2*ftyp*H35/(9*a_2^3*c_2*(fsw*kHz))) -> #REF! | Q35: =(b_2*d_2^2/(9*a_2))-(b_2^2*d_2/(9*a_2^2))+(ftyp*H35/(2*a_2*c_2*(fsw*kHz))) -> #REF! | R35: =(d_2^2/9)+(b_2^2/(9*a_2^2))-(2*b_2*d_2/(9*a_2)) -> 0.067799508 | S35: =(b_2*c_2*(fsw*kHz)+2*a_2*c_2*d_2*(fsw*kHz))/(3*a_2*c_2*(fsw*kHz)) -> #REF! | T35: =((O35+SQRT(P35)+Q35)^(1/3))+(R35/((O35+SQRT(P35)+Q35)^(1/3)))+S35 -> #REF! | U35: =c_3+(SQRT(ftyp)*SQRT(H35)/(SQRT(a_3)*SQRT(b_3)*SQRT(fsw*kHz))) -> #REF! | V35: =(a_4*(fsw*kHz)*b_4/ftyp) -> #REF! | W35: =IF(I35>=0.5,IF(I35<1,I35,IF(N35>=1,IF(N35<2,N35,IF(T35>=2,IF(T35<4.5,T35,IF(U35>=4.5,IF(U35<4.6,U35,V35)))))))) -> #REF! | X35: =Pin_max/G35 -> #REF! | Y35: =-X35*Rsense*1.414 -> #REF! | Z35: =MIN(6,MAX(0.5,Beta*G*($Y35-Voff_trim)/(MAX(0,MIN(4.5,W35)-Alpha1_A)+MAX(0,MIN(4.5,W35)-Alpha1_B)-Alpha1_C)+Alpha2)) -> #REF!
A36: b3 | B36: 0.1223 | D36: a3 | E36: 1.007 | G36: =G35+1 -> #REF! | H36: =(Iout*(Vout_nom^2)*2.5*Rsense*K_1)/(eff*(G36^2)*K_FQ)*us -> #REF! | I36: =(1*10^-9*(5*10^8*SQRT(fsw*kHz)+(1.09655978*10^10)*SQRT(ftyp)*SQRT(H36)))/SQRT(fsw*kHz) -> #REF! | J36: =(b_1^3/(27*a_1^3))-(d_1^3/27)+SQRT((ftyp)^2*H36^2/(4*a_1^2*c_1^2*(fsw*kHz)^2))+(b_1^3*(ftyp)*H36/(27*a_1^4*c_1*(fsw*kHz))-(d_1^3*(ftyp)*H36/(27*a_1*c_1*(fsw*kHz)))+(b_1*d_1^2*(ftyp)*H36/(9*a_1^2*c_1*(fsw*kHz)))-(b_1^2*d_1*(ftyp)*H36/(9*a_1^3*c_1*(fsw*kHz)))) -> #REF! | K36: =(b_1*d_1^2/(9*a_1))-(b_1^2*d_1/(9*a_1^2))+(ftyp*H36/(2*a_1*c_1*fsw*kHz)) -> #REF! | L36: =(d_1^2/9)+(b_1^2/(9*a_1^2))-(2*b_1*d_1/(9*a_1)) -> 0.00045657097 | M36: =((b_1*c_1*fsw*kHz)+(2*a_1*c_1*d_1*fsw*kHz))/(3*a_1*c_1*fsw*kHz) -> #REF! | N36: =(J36+K36)^(1/3)+(L36/(J36^(1/3)))+M36 -> #REF! | O36: =(b_2^3/(27*a_2^3))-(d_2^3/27) -> 0.073252235 | P36: =(ftyp^2*H36^2/(4*a_2^2*c_2^2*(fsw*kHz)^2))+(b_2^3*ftyp*H36/(27*a_2^4*c_2*(fsw*kHz)))-(d_2^3*ftyp*H36/(27*a_2*c_2*(fsw*kHz)))+(b_2*d_2^2*ftyp*H36/(9*a_2^2*c_2*(fsw*kHz)))-(b_2^2*d_2*ftyp*H36/(9*a_2^3*c_2*(fsw*kHz))) -> #REF! | Q36: =(b_2*d_2^2/(9*a_2))-(b_2^2*d_2/(9*a_2^2))+(ftyp*H36/(2*a_2*c_2*(fsw*kHz))) -> #REF! | R36: =(d_2^2/9)+(b_2^2/(9*a_2^2))-(2*b_2*d_2/(9*a_2)) -> 0.067799508 | S36: =(b_2*c_2*(fsw*kHz)+2*a_2*c_2*d_2*(fsw*kHz))/(3*a_2*c_2*(fsw*kHz)) -> #REF! | T36: =((O36+SQRT(P36)+Q36)^(1/3))+(R36/((O36+SQRT(P36)+Q36)^(1/3)))+S36 -> #REF! | U36: =c_3+(SQRT(ftyp)*SQRT(H36)/(SQRT(a_3)*SQRT(b_3)*SQRT(fsw*kHz))) -> #REF! | V36: =(a_4*(fsw*kHz)*b_4/ftyp) -> #REF! | W36: =IF(I36>=0.5,IF(I36<1,I36,IF(N36>=1,IF(N36<2,N36,IF(T36>=2,IF(T36<4.5,T36,IF(U36>=4.5,IF(U36<4.6,U36,V36)))))))) -> #REF! | X36: =Pin_max/G36 -> #REF! | Y36: =-X36*Rsense*1.414 -> #REF! | Z36: =MIN(6,MAX(0.5,Beta*G*($Y36-Voff_trim)/(MAX(0,MIN(4.5,W36)-Alpha1_A)+MAX(0,MIN(4.5,W36)-Alpha1_B)-Alpha1_C)+Alpha2)) -> #REF!
A37: c3 | B37: 0.5 | D37: b3 | E37: 0.1223 | G37: =G36+1 -> #REF! | H37: =(Iout*(Vout_nom^2)*2.5*Rsense*K_1)/(eff*(G37^2)*K_FQ)*us -> #REF! | I37: =(1*10^-9*(5*10^8*SQRT(fsw*kHz)+(1.09655978*10^10)*SQRT(ftyp)*SQRT(H37)))/SQRT(fsw*kHz) -> #REF! | J37: =(b_1^3/(27*a_1^3))-(d_1^3/27)+SQRT((ftyp)^2*H37^2/(4*a_1^2*c_1^2*(fsw*kHz)^2))+(b_1^3*(ftyp)*H37/(27*a_1^4*c_1*(fsw*kHz))-(d_1^3*(ftyp)*H37/(27*a_1*c_1*(fsw*kHz)))+(b_1*d_1^2*(ftyp)*H37/(9*a_1^2*c_1*(fsw*kHz)))-(b_1^2*d_1*(ftyp)*H37/(9*a_1^3*c_1*(fsw*kHz)))) -> #REF! | K37: =(b_1*d_1^2/(9*a_1))-(b_1^2*d_1/(9*a_1^2))+(ftyp*H37/(2*a_1*c_1*fsw*kHz)) -> #REF! | L37: =(d_1^2/9)+(b_1^2/(9*a_1^2))-(2*b_1*d_1/(9*a_1)) -> 0.00045657097 | M37: =((b_1*c_1*fsw*kHz)+(2*a_1*c_1*d_1*fsw*kHz))/(3*a_1*c_1*fsw*kHz) -> #REF! | N37: =(J37+K37)^(1/3)+(L37/(J37^(1/3)))+M37 -> #REF! | O37: =(b_2^3/(27*a_2^3))-(d_2^3/27) -> 0.073252235 | P37: =(ftyp^2*H37^2/(4*a_2^2*c_2^2*(fsw*kHz)^2))+(b_2^3*ftyp*H37/(27*a_2^4*c_2*(fsw*kHz)))-(d_2^3*ftyp*H37/(27*a_2*c_2*(fsw*kHz)))+(b_2*d_2^2*ftyp*H37/(9*a_2^2*c_2*(fsw*kHz)))-(b_2^2*d_2*ftyp*H37/(9*a_2^3*c_2*(fsw*kHz))) -> #REF! | Q37: =(b_2*d_2^2/(9*a_2))-(b_2^2*d_2/(9*a_2^2))+(ftyp*H37/(2*a_2*c_2*(fsw*kHz))) -> #REF! | R37: =(d_2^2/9)+(b_2^2/(9*a_2^2))-(2*b_2*d_2/(9*a_2)) -> 0.067799508 | S37: =(b_2*c_2*(fsw*kHz)+2*a_2*c_2*d_2*(fsw*kHz))/(3*a_2*c_2*(fsw*kHz)) -> #REF! | T37: =((O37+SQRT(P37)+Q37)^(1/3))+(R37/((O37+SQRT(P37)+Q37)^(1/3)))+S37 -> #REF! | U37: =c_3+(SQRT(ftyp)*SQRT(H37)/(SQRT(a_3)*SQRT(b_3)*SQRT(fsw*kHz))) -> #REF! | V37: =(a_4*(fsw*kHz)*b_4/ftyp) -> #REF! | W37: =IF(I37>=0.5,IF(I37<1,I37,IF(N37>=1,IF(N37<2,N37,IF(T37>=2,IF(T37<4.5,T37,IF(U37>=4.5,IF(U37<4.6,U37,V37)))))))) -> #REF! | X37: =Pin_max/G37 -> #REF! | Y37: =-X37*Rsense*1.414 -> #REF! | Z37: =MIN(6,MAX(0.5,Beta*G*($Y37-Voff_trim)/(MAX(0,MIN(4.5,W37)-Alpha1_A)+MAX(0,MIN(4.5,W37)-Alpha1_B)-Alpha1_C)+Alpha2)) -> #REF!
A38: VCOMP4 | B38: =c_3+(SQRT(ftyp)*SQRT(B10)/(SQRT(a_3)*SQRT(b_3)*SQRT(fsw*kHz))) -> #REF! | D38: c3 | E38: 0.5 | G38: =G37+1 -> #REF! | H38: =(Iout*(Vout_nom^2)*2.5*Rsense*K_1)/(eff*(G38^2)*K_FQ)*us -> #REF! | I38: =(1*10^-9*(5*10^8*SQRT(fsw*kHz)+(1.09655978*10^10)*SQRT(ftyp)*SQRT(H38)))/SQRT(fsw*kHz) -> #REF! | J38: =(b_1^3/(27*a_1^3))-(d_1^3/27)+SQRT((ftyp)^2*H38^2/(4*a_1^2*c_1^2*(fsw*kHz)^2))+(b_1^3*(ftyp)*H38/(27*a_1^4*c_1*(fsw*kHz))-(d_1^3*(ftyp)*H38/(27*a_1*c_1*(fsw*kHz)))+(b_1*d_1^2*(ftyp)*H38/(9*a_1^2*c_1*(fsw*kHz)))-(b_1^2*d_1*(ftyp)*H38/(9*a_1^3*c_1*(fsw*kHz)))) -> #REF! | K38: =(b_1*d_1^2/(9*a_1))-(b_1^2*d_1/(9*a_1^2))+(ftyp*H38/(2*a_1*c_1*fsw*kHz)) -> #REF! | L38: =(d_1^2/9)+(b_1^2/(9*a_1^2))-(2*b_1*d_1/(9*a_1)) -> 0.00045657097 | M38: =((b_1*c_1*fsw*kHz)+(2*a_1*c_1*d_1*fsw*kHz))/(3*a_1*c_1*fsw*kHz) -> #REF! | N38: =(J38+K38)^(1/3)+(L38/(J38^(1/3)))+M38 -> #REF! | O38: =(b_2^3/(27*a_2^3))-(d_2^3/27) -> 0.073252235 | P38: =(ftyp^2*H38^2/(4*a_2^2*c_2^2*(fsw*kHz)^2))+(b_2^3*ftyp*H38/(27*a_2^4*c_2*(fsw*kHz)))-(d_2^3*ftyp*H38/(27*a_2*c_2*(fsw*kHz)))+(b_2*d_2^2*ftyp*H38/(9*a_2^2*c_2*(fsw*kHz)))-(b_2^2*d_2*ftyp*H38/(9*a_2^3*c_2*(fsw*kHz))) -> #REF! | Q38: =(b_2*d_2^2/(9*a_2))-(b_2^2*d_2/(9*a_2^2))+(ftyp*H38/(2*a_2*c_2*(fsw*kHz))) -> #REF! | R38: =(d_2^2/9)+(b_2^2/(9*a_2^2))-(2*b_2*d_2/(9*a_2)) -> 0.067799508 | S38: =(b_2*c_2*(fsw*kHz)+2*a_2*c_2*d_2*(fsw*kHz))/(3*a_2*c_2*(fsw*kHz)) -> #REF! | T38: =((O38+SQRT(P38)+Q38)^(1/3))+(R38/((O38+SQRT(P38)+Q38)^(1/3)))+S38 -> #REF! | U38: =c_3+(SQRT(ftyp)*SQRT(H38)/(SQRT(a_3)*SQRT(b_3)*SQRT(fsw*kHz))) -> #REF! | V38: =(a_4*(fsw*kHz)*b_4/ftyp) -> #REF! | W38: =IF(I38>=0.5,IF(I38<1,I38,IF(N38>=1,IF(N38<2,N38,IF(T38>=2,IF(T38<4.5,T38,IF(U38>=4.5,IF(U38<4.6,U38,V38)))))))) -> #REF! | X38: =Pin_max/G38 -> #REF! | Y38: =-X38*Rsense*1.414 -> #REF! | Z38: =MIN(6,MAX(0.5,Beta*G*($Y38-Voff_trim)/(MAX(0,MIN(4.5,W38)-Alpha1_A)+MAX(0,MIN(4.5,W38)-Alpha1_B)-Alpha1_C)+Alpha2)) -> #REF!
D39: VCOMP4 | E39: =c_3+(SQRT(ftyp)*SQRT(E11)/(SQRT(a_3)*SQRT(b_3)*SQRT(fsw*kHz))) -> #REF! | G39: =G38+1 -> #REF! | H39: =(Iout*(Vout_nom^2)*2.5*Rsense*K_1)/(eff*(G39^2)*K_FQ)*us -> #REF! | I39: =(1*10^-9*(5*10^8*SQRT(fsw*kHz)+(1.09655978*10^10)*SQRT(ftyp)*SQRT(H39)))/SQRT(fsw*kHz) -> #REF! | J39: =(b_1^3/(27*a_1^3))-(d_1^3/27)+SQRT((ftyp)^2*H39^2/(4*a_1^2*c_1^2*(fsw*kHz)^2))+(b_1^3*(ftyp)*H39/(27*a_1^4*c_1*(fsw*kHz))-(d_1^3*(ftyp)*H39/(27*a_1*c_1*(fsw*kHz)))+(b_1*d_1^2*(ftyp)*H39/(9*a_1^2*c_1*(fsw*kHz)))-(b_1^2*d_1*(ftyp)*H39/(9*a_1^3*c_1*(fsw*kHz)))) -> #REF! | K39: =(b_1*d_1^2/(9*a_1))-(b_1^2*d_1/(9*a_1^2))+(ftyp*H39/(2*a_1*c_1*fsw*kHz)) -> #REF! | L39: =(d_1^2/9)+(b_1^2/(9*a_1^2))-(2*b_1*d_1/(9*a_1)) -> 0.00045657097 | M39: =((b_1*c_1*fsw*kHz)+(2*a_1*c_1*d_1*fsw*kHz))/(3*a_1*c_1*fsw*kHz) -> #REF! | N39: =(J39+K39)^(1/3)+(L39/(J39^(1/3)))+M39 -> #REF! | O39: =(b_2^3/(27*a_2^3))-(d_2^3/27) -> 0.073252235 | P39: =(ftyp^2*H39^2/(4*a_2^2*c_2^2*(fsw*kHz)^2))+(b_2^3*ftyp*H39/(27*a_2^4*c_2*(fsw*kHz)))-(d_2^3*ftyp*H39/(27*a_2*c_2*(fsw*kHz)))+(b_2*d_2^2*ftyp*H39/(9*a_2^2*c_2*(fsw*kHz)))-(b_2^2*d_2*ftyp*H39/(9*a_2^3*c_2*(fsw*kHz))) -> #REF! | Q39: =(b_2*d_2^2/(9*a_2))-(b_2^2*d_2/(9*a_2^2))+(ftyp*H39/(2*a_2*c_2*(fsw*kHz))) -> #REF! | R39: =(d_2^2/9)+(b_2^2/(9*a_2^2))-(2*b_2*d_2/(9*a_2)) -> 0.067799508 | S39: =(b_2*c_2*(fsw*kHz)+2*a_2*c_2*d_2*(fsw*kHz))/(3*a_2*c_2*(fsw*kHz)) -> #REF! | T39: =((O39+SQRT(P39)+Q39)^(1/3))+(R39/((O39+SQRT(P39)+Q39)^(1/3)))+S39 -> #REF! | U39: =c_3+(SQRT(ftyp)*SQRT(H39)/(SQRT(a_3)*SQRT(b_3)*SQRT(fsw*kHz))) -> #REF! | V39: =(a_4*(fsw*kHz)*b_4/ftyp) -> #REF! | W39: =IF(I39>=0.5,IF(I39<1,I39,IF(N39>=1,IF(N39<2,N39,IF(T39>=2,IF(T39<4.5,T39,IF(U39>=4.5,IF(U39<4.6,U39,V39)))))))) -> #REF! | X39: =Pin_max/G39 -> #REF! | Y39: =-X39*Rsense*1.414 -> #REF! | Z39: =MIN(6,MAX(0.5,Beta*G*($Y39-Voff_trim)/(MAX(0,MIN(4.5,W39)-Alpha1_A)+MAX(0,MIN(4.5,W39)-Alpha1_B)-Alpha1_C)+Alpha2)) -> #REF!
A40: a4 | B40: 1.007 | G40: =G39+1 -> #REF! | H40: =(Iout*(Vout_nom^2)*2.5*Rsense*K_1)/(eff*(G40^2)*K_FQ)*us -> #REF! | I40: =(1*10^-9*(5*10^8*SQRT(fsw*kHz)+(1.09655978*10^10)*SQRT(ftyp)*SQRT(H40)))/SQRT(fsw*kHz) -> #REF! | J40: =(b_1^3/(27*a_1^3))-(d_1^3/27)+SQRT((ftyp)^2*H40^2/(4*a_1^2*c_1^2*(fsw*kHz)^2))+(b_1^3*(ftyp)*H40/(27*a_1^4*c_1*(fsw*kHz))-(d_1^3*(ftyp)*H40/(27*a_1*c_1*(fsw*kHz)))+(b_1*d_1^2*(ftyp)*H40/(9*a_1^2*c_1*(fsw*kHz)))-(b_1^2*d_1*(ftyp)*H40/(9*a_1^3*c_1*(fsw*kHz)))) -> #REF! | K40: =(b_1*d_1^2/(9*a_1))-(b_1^2*d_1/(9*a_1^2))+(ftyp*H40/(2*a_1*c_1*fsw*kHz)) -> #REF! | L40: =(d_1^2/9)+(b_1^2/(9*a_1^2))-(2*b_1*d_1/(9*a_1)) -> 0.00045657097 | M40: =((b_1*c_1*fsw*kHz)+(2*a_1*c_1*d_1*fsw*kHz))/(3*a_1*c_1*fsw*kHz) -> #REF! | N40: =(J40+K40)^(1/3)+(L40/(J40^(1/3)))+M40 -> #REF! | O40: =(b_2^3/(27*a_2^3))-(d_2^3/27) -> 0.073252235 | P40: =(ftyp^2*H40^2/(4*a_2^2*c_2^2*(fsw*kHz)^2))+(b_2^3*ftyp*H40/(27*a_2^4*c_2*(fsw*kHz)))-(d_2^3*ftyp*H40/(27*a_2*c_2*(fsw*kHz)))+(b_2*d_2^2*ftyp*H40/(9*a_2^2*c_2*(fsw*kHz)))-(b_2^2*d_2*ftyp*H40/(9*a_2^3*c_2*(fsw*kHz))) -> #REF! | Q40: =(b_2*d_2^2/(9*a_2))-(b_2^2*d_2/(9*a_2^2))+(ftyp*H40/(2*a_2*c_2*(fsw*kHz))) -> #REF! | R40: =(d_2^2/9)+(b_2^2/(9*a_2^2))-(2*b_2*d_2/(9*a_2)) -> 0.067799508 | S40: =(b_2*c_2*(fsw*kHz)+2*a_2*c_2*d_2*(fsw*kHz))/(3*a_2*c_2*(fsw*kHz)) -> #REF! | T40: =((O40+SQRT(P40)+Q40)^(1/3))+(R40/((O40+SQRT(P40)+Q40)^(1/3)))+S40 -> #REF! | U40: =c_3+(SQRT(ftyp)*SQRT(H40)/(SQRT(a_3)*SQRT(b_3)*SQRT(fsw*kHz))) -> #REF! | V40: =(a_4*(fsw*kHz)*b_4/ftyp) -> #REF! | W40: =IF(I40>=0.5,IF(I40<1,I40,IF(N40>=1,IF(N40<2,N40,IF(T40>=2,IF(T40<4.5,T40,IF(U40>=4.5,IF(U40<4.6,U40,V40)))))))) -> #REF! | X40: =Pin_max/G40 -> #REF! | Y40: =-X40*Rsense*1.414 -> #REF! | Z40: =MIN(6,MAX(0.5,Beta*G*($Y40-Voff_trim)/(MAX(0,MIN(4.5,W40)-Alpha1_A)+MAX(0,MIN(4.5,W40)-Alpha1_B)-Alpha1_C)+Alpha2)) -> #REF!
A41: b4 | B41: 2.056 | D41: a4 | E41: 1.007 | G41: =G40+1 -> #REF! | H41: =(Iout*(Vout_nom^2)*2.5*Rsense*K_1)/(eff*(G41^2)*K_FQ)*us -> #REF! | I41: =(1*10^-9*(5*10^8*SQRT(fsw*kHz)+(1.09655978*10^10)*SQRT(ftyp)*SQRT(H41)))/SQRT(fsw*kHz) -> #REF! | J41: =(b_1^3/(27*a_1^3))-(d_1^3/27)+SQRT((ftyp)^2*H41^2/(4*a_1^2*c_1^2*(fsw*kHz)^2))+(b_1^3*(ftyp)*H41/(27*a_1^4*c_1*(fsw*kHz))-(d_1^3*(ftyp)*H41/(27*a_1*c_1*(fsw*kHz)))+(b_1*d_1^2*(ftyp)*H41/(9*a_1^2*c_1*(fsw*kHz)))-(b_1^2*d_1*(ftyp)*H41/(9*a_1^3*c_1*(fsw*kHz)))) -> #REF! | K41: =(b_1*d_1^2/(9*a_1))-(b_1^2*d_1/(9*a_1^2))+(ftyp*H41/(2*a_1*c_1*fsw*kHz)) -> #REF! | L41: =(d_1^2/9)+(b_1^2/(9*a_1^2))-(2*b_1*d_1/(9*a_1)) -> 0.00045657097 | M41: =((b_1*c_1*fsw*kHz)+(2*a_1*c_1*d_1*fsw*kHz))/(3*a_1*c_1*fsw*kHz) -> #REF! | N41: =(J41+K41)^(1/3)+(L41/(J41^(1/3)))+M41 -> #REF! | O41: =(b_2^3/(27*a_2^3))-(d_2^3/27) -> 0.073252235 | P41: =(ftyp^2*H41^2/(4*a_2^2*c_2^2*(fsw*kHz)^2))+(b_2^3*ftyp*H41/(27*a_2^4*c_2*(fsw*kHz)))-(d_2^3*ftyp*H41/(27*a_2*c_2*(fsw*kHz)))+(b_2*d_2^2*ftyp*H41/(9*a_2^2*c_2*(fsw*kHz)))-(b_2^2*d_2*ftyp*H41/(9*a_2^3*c_2*(fsw*kHz))) -> #REF! | Q41: =(b_2*d_2^2/(9*a_2))-(b_2^2*d_2/(9*a_2^2))+(ftyp*H41/(2*a_2*c_2*(fsw*kHz))) -> #REF! | R41: =(d_2^2/9)+(b_2^2/(9*a_2^2))-(2*b_2*d_2/(9*a_2)) -> 0.067799508 | S41: =(b_2*c_2*(fsw*kHz)+2*a_2*c_2*d_2*(fsw*kHz))/(3*a_2*c_2*(fsw*kHz)) -> #REF! | T41: =((O41+SQRT(P41)+Q41)^(1/3))+(R41/((O41+SQRT(P41)+Q41)^(1/3)))+S41 -> #REF! | U41: =c_3+(SQRT(ftyp)*SQRT(H41)/(SQRT(a_3)*SQRT(b_3)*SQRT(fsw*kHz))) -> #REF! | V41: =(a_4*(fsw*kHz)*b_4/ftyp) -> #REF! | W41: =IF(I41>=0.5,IF(I41<1,I41,IF(N41>=1,IF(N41<2,N41,IF(T41>=2,IF(T41<4.5,T41,IF(U41>=4.5,IF(U41<4.6,U41,V41)))))))) -> #REF! | X41: =Pin_max/G41 -> #REF! | Y41: =-X41*Rsense*1.414 -> #REF! | Z41: =MIN(6,MAX(0.5,Beta*G*($Y41-Voff_trim)/(MAX(0,MIN(4.5,W41)-Alpha1_A)+MAX(0,MIN(4.5,W41)-Alpha1_B)-Alpha1_C)+Alpha2)) -> #REF!
A42: VCOMP5 | B42: =(a_4*(fsw*kHz)*b_4/ftyp) -> #REF! | D42: b4 | E42: 2.056 | G42: =G41+1 -> #REF! | H42: =(Iout*(Vout_nom^2)*2.5*Rsense*K_1)/(eff*(G42^2)*K_FQ)*us -> #REF! | I42: =(1*10^-9*(5*10^8*SQRT(fsw*kHz)+(1.09655978*10^10)*SQRT(ftyp)*SQRT(H42)))/SQRT(fsw*kHz) -> #REF! | J42: =(b_1^3/(27*a_1^3))-(d_1^3/27)+SQRT((ftyp)^2*H42^2/(4*a_1^2*c_1^2*(fsw*kHz)^2))+(b_1^3*(ftyp)*H42/(27*a_1^4*c_1*(fsw*kHz))-(d_1^3*(ftyp)*H42/(27*a_1*c_1*(fsw*kHz)))+(b_1*d_1^2*(ftyp)*H42/(9*a_1^2*c_1*(fsw*kHz)))-(b_1^2*d_1*(ftyp)*H42/(9*a_1^3*c_1*(fsw*kHz)))) -> #REF! | K42: =(b_1*d_1^2/(9*a_1))-(b_1^2*d_1/(9*a_1^2))+(ftyp*H42/(2*a_1*c_1*fsw*kHz)) -> #REF! | L42: =(d_1^2/9)+(b_1^2/(9*a_1^2))-(2*b_1*d_1/(9*a_1)) -> 0.00045657097 | M42: =((b_1*c_1*fsw*kHz)+(2*a_1*c_1*d_1*fsw*kHz))/(3*a_1*c_1*fsw*kHz) -> #REF! | N42: =(J42+K42)^(1/3)+(L42/(J42^(1/3)))+M42 -> #REF! | O42: =(b_2^3/(27*a_2^3))-(d_2^3/27) -> 0.073252235 | P42: =(ftyp^2*H42^2/(4*a_2^2*c_2^2*(fsw*kHz)^2))+(b_2^3*ftyp*H42/(27*a_2^4*c_2*(fsw*kHz)))-(d_2^3*ftyp*H42/(27*a_2*c_2*(fsw*kHz)))+(b_2*d_2^2*ftyp*H42/(9*a_2^2*c_2*(fsw*kHz)))-(b_2^2*d_2*ftyp*H42/(9*a_2^3*c_2*(fsw*kHz))) -> #REF! | Q42: =(b_2*d_2^2/(9*a_2))-(b_2^2*d_2/(9*a_2^2))+(ftyp*H42/(2*a_2*c_2*(fsw*kHz))) -> #REF! | R42: =(d_2^2/9)+(b_2^2/(9*a_2^2))-(2*b_2*d_2/(9*a_2)) -> 0.067799508 | S42: =(b_2*c_2*(fsw*kHz)+2*a_2*c_2*d_2*(fsw*kHz))/(3*a_2*c_2*(fsw*kHz)) -> #REF! | T42: =((O42+SQRT(P42)+Q42)^(1/3))+(R42/((O42+SQRT(P42)+Q42)^(1/3)))+S42 -> #REF! | U42: =c_3+(SQRT(ftyp)*SQRT(H42)/(SQRT(a_3)*SQRT(b_3)*SQRT(fsw*kHz))) -> #REF! | V42: =(a_4*(fsw*kHz)*b_4/ftyp) -> #REF! | W42: =IF(I42>=0.5,IF(I42<1,I42,IF(N42>=1,IF(N42<2,N42,IF(T42>=2,IF(T42<4.5,T42,IF(U42>=4.5,IF(U42<4.6,U42,V42)))))))) -> #REF! | X42: =Pin_max/G42 -> #REF! | Y42: =-X42*Rsense*1.414 -> #REF! | Z42: =MIN(6,MAX(0.5,Beta*G*($Y42-Voff_trim)/(MAX(0,MIN(4.5,W42)-Alpha1_A)+MAX(0,MIN(4.5,W42)-Alpha1_B)-Alpha1_C)+Alpha2)) -> #REF!
D43: VCOMP5 | E43: =(a_4*(fsw*kHz)*b_4/ftyp) -> #REF! | G43: =G42+1 -> #REF! | H43: =(Iout*(Vout_nom^2)*2.5*Rsense*K_1)/(eff*(G43^2)*K_FQ)*us -> #REF! | I43: =(1*10^-9*(5*10^8*SQRT(fsw*kHz)+(1.09655978*10^10)*SQRT(ftyp)*SQRT(H43)))/SQRT(fsw*kHz) -> #REF! | J43: =(b_1^3/(27*a_1^3))-(d_1^3/27)+SQRT((ftyp)^2*H43^2/(4*a_1^2*c_1^2*(fsw*kHz)^2))+(b_1^3*(ftyp)*H43/(27*a_1^4*c_1*(fsw*kHz))-(d_1^3*(ftyp)*H43/(27*a_1*c_1*(fsw*kHz)))+(b_1*d_1^2*(ftyp)*H43/(9*a_1^2*c_1*(fsw*kHz)))-(b_1^2*d_1*(ftyp)*H43/(9*a_1^3*c_1*(fsw*kHz)))) -> #REF! | K43: =(b_1*d_1^2/(9*a_1))-(b_1^2*d_1/(9*a_1^2))+(ftyp*H43/(2*a_1*c_1*fsw*kHz)) -> #REF! | L43: =(d_1^2/9)+(b_1^2/(9*a_1^2))-(2*b_1*d_1/(9*a_1)) -> 0.00045657097 | M43: =((b_1*c_1*fsw*kHz)+(2*a_1*c_1*d_1*fsw*kHz))/(3*a_1*c_1*fsw*kHz) -> #REF! | N43: =(J43+K43)^(1/3)+(L43/(J43^(1/3)))+M43 -> #REF! | O43: =(b_2^3/(27*a_2^3))-(d_2^3/27) -> 0.073252235 | P43: =(ftyp^2*H43^2/(4*a_2^2*c_2^2*(fsw*kHz)^2))+(b_2^3*ftyp*H43/(27*a_2^4*c_2*(fsw*kHz)))-(d_2^3*ftyp*H43/(27*a_2*c_2*(fsw*kHz)))+(b_2*d_2^2*ftyp*H43/(9*a_2^2*c_2*(fsw*kHz)))-(b_2^2*d_2*ftyp*H43/(9*a_2^3*c_2*(fsw*kHz))) -> #REF! | Q43: =(b_2*d_2^2/(9*a_2))-(b_2^2*d_2/(9*a_2^2))+(ftyp*H43/(2*a_2*c_2*(fsw*kHz))) -> #REF! | R43: =(d_2^2/9)+(b_2^2/(9*a_2^2))-(2*b_2*d_2/(9*a_2)) -> 0.067799508 | S43: =(b_2*c_2*(fsw*kHz)+2*a_2*c_2*d_2*(fsw*kHz))/(3*a_2*c_2*(fsw*kHz)) -> #REF! | T43: =((O43+SQRT(P43)+Q43)^(1/3))+(R43/((O43+SQRT(P43)+Q43)^(1/3)))+S43 -> #REF! | U43: =c_3+(SQRT(ftyp)*SQRT(H43)/(SQRT(a_3)*SQRT(b_3)*SQRT(fsw*kHz))) -> #REF! | V43: =(a_4*(fsw*kHz)*b_4/ftyp) -> #REF! | W43: =IF(I43>=0.5,IF(I43<1,I43,IF(N43>=1,IF(N43<2,N43,IF(T43>=2,IF(T43<4.5,T43,IF(U43>=4.5,IF(U43<4.6,U43,V43)))))))) -> #REF! | X43: =Pin_max/G43 -> #REF! | Y43: =-X43*Rsense*1.414 -> #REF! | Z43: =MIN(6,MAX(0.5,Beta*G*($Y43-Voff_trim)/(MAX(0,MIN(4.5,W43)-Alpha1_A)+MAX(0,MIN(4.5,W43)-Alpha1_B)-Alpha1_C)+Alpha2)) -> #REF!
A44: VCOMP = | B44: =IF(B12>=0.5,IF(B12<1,B12,IF(B22>=1,IF(B22<2,B22,IF(B33>=2,IF(B33<4.5,B33,IF(B38>=4.5,IF(B38<4.6,B38,B42)))))))) -> #REF! | G44: =G43+1 -> #REF! | H44: =(Iout*(Vout_nom^2)*2.5*Rsense*K_1)/(eff*(G44^2)*K_FQ)*us -> #REF! | I44: =(1*10^-9*(5*10^8*SQRT(fsw*kHz)+(1.09655978*10^10)*SQRT(ftyp)*SQRT(H44)))/SQRT(fsw*kHz) -> #REF! | J44: =(b_1^3/(27*a_1^3))-(d_1^3/27)+SQRT((ftyp)^2*H44^2/(4*a_1^2*c_1^2*(fsw*kHz)^2))+(b_1^3*(ftyp)*H44/(27*a_1^4*c_1*(fsw*kHz))-(d_1^3*(ftyp)*H44/(27*a_1*c_1*(fsw*kHz)))+(b_1*d_1^2*(ftyp)*H44/(9*a_1^2*c_1*(fsw*kHz)))-(b_1^2*d_1*(ftyp)*H44/(9*a_1^3*c_1*(fsw*kHz)))) -> #REF! | K44: =(b_1*d_1^2/(9*a_1))-(b_1^2*d_1/(9*a_1^2))+(ftyp*H44/(2*a_1*c_1*fsw*kHz)) -> #REF! | L44: =(d_1^2/9)+(b_1^2/(9*a_1^2))-(2*b_1*d_1/(9*a_1)) -> 0.00045657097 | M44: =((b_1*c_1*fsw*kHz)+(2*a_1*c_1*d_1*fsw*kHz))/(3*a_1*c_1*fsw*kHz) -> #REF! | N44: =(J44+K44)^(1/3)+(L44/(J44^(1/3)))+M44 -> #REF! | O44: =(b_2^3/(27*a_2^3))-(d_2^3/27) -> 0.073252235 | P44: =(ftyp^2*H44^2/(4*a_2^2*c_2^2*(fsw*kHz)^2))+(b_2^3*ftyp*H44/(27*a_2^4*c_2*(fsw*kHz)))-(d_2^3*ftyp*H44/(27*a_2*c_2*(fsw*kHz)))+(b_2*d_2^2*ftyp*H44/(9*a_2^2*c_2*(fsw*kHz)))-(b_2^2*d_2*ftyp*H44/(9*a_2^3*c_2*(fsw*kHz))) -> #REF! | Q44: =(b_2*d_2^2/(9*a_2))-(b_2^2*d_2/(9*a_2^2))+(ftyp*H44/(2*a_2*c_2*(fsw*kHz))) -> #REF! | R44: =(d_2^2/9)+(b_2^2/(9*a_2^2))-(2*b_2*d_2/(9*a_2)) -> 0.067799508 | S44: =(b_2*c_2*(fsw*kHz)+2*a_2*c_2*d_2*(fsw*kHz))/(3*a_2*c_2*(fsw*kHz)) -> #REF! | T44: =((O44+SQRT(P44)+Q44)^(1/3))+(R44/((O44+SQRT(P44)+Q44)^(1/3)))+S44 -> #REF! | U44: =c_3+(SQRT(ftyp)*SQRT(H44)/(SQRT(a_3)*SQRT(b_3)*SQRT(fsw*kHz))) -> #REF! | V44: =(a_4*(fsw*kHz)*b_4/ftyp) -> #REF! | W44: =IF(I44>=0.5,IF(I44<1,I44,IF(N44>=1,IF(N44<2,N44,IF(T44>=2,IF(T44<4.5,T44,IF(U44>=4.5,IF(U44<4.6,U44,V44)))))))) -> #REF! | X44: =Pin_max/G44 -> #REF! | Y44: =-X44*Rsense*1.414 -> #REF! | Z44: =MIN(6,MAX(0.5,Beta*G*($Y44-Voff_trim)/(MAX(0,MIN(4.5,W44)-Alpha1_A)+MAX(0,MIN(4.5,W44)-Alpha1_B)-Alpha1_C)+Alpha2)) -> #REF!
A45: ICOMP = | B45: =MIN(6,MAX(0.5,Beta*G*((Pin_max*Rsense*-1.414/B5)-Voff_trim)/(MAX(0,MIN(4.5,B44)-Alpha1_A)+MAX(0,MIN(4.5,B44)-Alpha1_B)-Alpha1_C)+Alpha2)) -> #REF! | D45: VCOMP = | E45: =IF(E13>=0.5,IF(E13<1,E13,IF(E23>=1,IF(E23<2,E23,IF(E34>=2,IF(E34<4.5,E34,IF(E39>=4.5,IF(E39<4.6,E39,E43)))))))) -> #REF! | G45: =G44+1 -> #REF! | H45: =(Iout*(Vout_nom^2)*2.5*Rsense*K_1)/(eff*(G45^2)*K_FQ)*us -> #REF! | I45: =(1*10^-9*(5*10^8*SQRT(fsw*kHz)+(1.09655978*10^10)*SQRT(ftyp)*SQRT(H45)))/SQRT(fsw*kHz) -> #REF! | J45: =(b_1^3/(27*a_1^3))-(d_1^3/27)+SQRT((ftyp)^2*H45^2/(4*a_1^2*c_1^2*(fsw*kHz)^2))+(b_1^3*(ftyp)*H45/(27*a_1^4*c_1*(fsw*kHz))-(d_1^3*(ftyp)*H45/(27*a_1*c_1*(fsw*kHz)))+(b_1*d_1^2*(ftyp)*H45/(9*a_1^2*c_1*(fsw*kHz)))-(b_1^2*d_1*(ftyp)*H45/(9*a_1^3*c_1*(fsw*kHz)))) -> #REF! | K45: =(b_1*d_1^2/(9*a_1))-(b_1^2*d_1/(9*a_1^2))+(ftyp*H45/(2*a_1*c_1*fsw*kHz)) -> #REF! | L45: =(d_1^2/9)+(b_1^2/(9*a_1^2))-(2*b_1*d_1/(9*a_1)) -> 0.00045657097 | M45: =((b_1*c_1*fsw*kHz)+(2*a_1*c_1*d_1*fsw*kHz))/(3*a_1*c_1*fsw*kHz) -> #REF! | N45: =(J45+K45)^(1/3)+(L45/(J45^(1/3)))+M45 -> #REF! | O45: =(b_2^3/(27*a_2^3))-(d_2^3/27) -> 0.073252235 | P45: =(ftyp^2*H45^2/(4*a_2^2*c_2^2*(fsw*kHz)^2))+(b_2^3*ftyp*H45/(27*a_2^4*c_2*(fsw*kHz)))-(d_2^3*ftyp*H45/(27*a_2*c_2*(fsw*kHz)))+(b_2*d_2^2*ftyp*H45/(9*a_2^2*c_2*(fsw*kHz)))-(b_2^2*d_2*ftyp*H45/(9*a_2^3*c_2*(fsw*kHz))) -> #REF! | Q45: =(b_2*d_2^2/(9*a_2))-(b_2^2*d_2/(9*a_2^2))+(ftyp*H45/(2*a_2*c_2*(fsw*kHz))) -> #REF! | R45: =(d_2^2/9)+(b_2^2/(9*a_2^2))-(2*b_2*d_2/(9*a_2)) -> 0.067799508 | S45: =(b_2*c_2*(fsw*kHz)+2*a_2*c_2*d_2*(fsw*kHz))/(3*a_2*c_2*(fsw*kHz)) -> #REF! | T45: =((O45+SQRT(P45)+Q45)^(1/3))+(R45/((O45+SQRT(P45)+Q45)^(1/3)))+S45 -> #REF! | U45: =c_3+(SQRT(ftyp)*SQRT(H45)/(SQRT(a_3)*SQRT(b_3)*SQRT(fsw*kHz))) -> #REF! | V45: =(a_4*(fsw*kHz)*b_4/ftyp) -> #REF! | W45: =IF(I45>=0.5,IF(I45<1,I45,IF(N45>=1,IF(N45<2,N45,IF(T45>=2,IF(T45<4.5,T45,IF(U45>=4.5,IF(U45<4.6,U45,V45)))))))) -> #REF! | X45: =Pin_max/G45 -> #REF! | Y45: =-X45*Rsense*1.414 -> #REF! | Z45: =MIN(6,MAX(0.5,Beta*G*($Y45-Voff_trim)/(MAX(0,MIN(4.5,W45)-Alpha1_A)+MAX(0,MIN(4.5,W45)-Alpha1_B)-Alpha1_C)+Alpha2)) -> #REF!
G46: =G45+1 -> #REF! | H46: =(Iout*(Vout_nom^2)*2.5*Rsense*K_1)/(eff*(G46^2)*K_FQ)*us -> #REF! | I46: =(1*10^-9*(5*10^8*SQRT(fsw*kHz)+(1.09655978*10^10)*SQRT(ftyp)*SQRT(H46)))/SQRT(fsw*kHz) -> #REF! | J46: =(b_1^3/(27*a_1^3))-(d_1^3/27)+SQRT((ftyp)^2*H46^2/(4*a_1^2*c_1^2*(fsw*kHz)^2))+(b_1^3*(ftyp)*H46/(27*a_1^4*c_1*(fsw*kHz))-(d_1^3*(ftyp)*H46/(27*a_1*c_1*(fsw*kHz)))+(b_1*d_1^2*(ftyp)*H46/(9*a_1^2*c_1*(fsw*kHz)))-(b_1^2*d_1*(ftyp)*H46/(9*a_1^3*c_1*(fsw*kHz)))) -> #REF! | K46: =(b_1*d_1^2/(9*a_1))-(b_1^2*d_1/(9*a_1^2))+(ftyp*H46/(2*a_1*c_1*fsw*kHz)) -> #REF! | L46: =(d_1^2/9)+(b_1^2/(9*a_1^2))-(2*b_1*d_1/(9*a_1)) -> 0.00045657097 | M46: =((b_1*c_1*fsw*kHz)+(2*a_1*c_1*d_1*fsw*kHz))/(3*a_1*c_1*fsw*kHz) -> #REF! | N46: =(J46+K46)^(1/3)+(L46/(J46^(1/3)))+M46 -> #REF! | O46: =(b_2^3/(27*a_2^3))-(d_2^3/27) -> 0.073252235 | P46: =(ftyp^2*H46^2/(4*a_2^2*c_2^2*(fsw*kHz)^2))+(b_2^3*ftyp*H46/(27*a_2^4*c_2*(fsw*kHz)))-(d_2^3*ftyp*H46/(27*a_2*c_2*(fsw*kHz)))+(b_2*d_2^2*ftyp*H46/(9*a_2^2*c_2*(fsw*kHz)))-(b_2^2*d_2*ftyp*H46/(9*a_2^3*c_2*(fsw*kHz))) -> #REF! | Q46: =(b_2*d_2^2/(9*a_2))-(b_2^2*d_2/(9*a_2^2))+(ftyp*H46/(2*a_2*c_2*(fsw*kHz))) -> #REF! | R46: =(d_2^2/9)+(b_2^2/(9*a_2^2))-(2*b_2*d_2/(9*a_2)) -> 0.067799508 | S46: =(b_2*c_2*(fsw*kHz)+2*a_2*c_2*d_2*(fsw*kHz))/(3*a_2*c_2*(fsw*kHz)) -> #REF! | T46: =((O46+SQRT(P46)+Q46)^(1/3))+(R46/((O46+SQRT(P46)+Q46)^(1/3)))+S46 -> #REF! | U46: =c_3+(SQRT(ftyp)*SQRT(H46)/(SQRT(a_3)*SQRT(b_3)*SQRT(fsw*kHz))) -> #REF! | V46: =(a_4*(fsw*kHz)*b_4/ftyp) -> #REF! | W46: =IF(I46>=0.5,IF(I46<1,I46,IF(N46>=1,IF(N46<2,N46,IF(T46>=2,IF(T46<4.5,T46,IF(U46>=4.5,IF(U46<4.6,U46,V46)))))))) -> #REF! | X46: =Pin_max/G46 -> #REF! | Y46: =-X46*Rsense*1.414 -> #REF! | Z46: =MIN(6,MAX(0.5,Beta*G*($Y46-Voff_trim)/(MAX(0,MIN(4.5,W46)-Alpha1_A)+MAX(0,MIN(4.5,W46)-Alpha1_B)-Alpha1_C)+Alpha2)) -> #REF!
G47: =G46+1 -> #REF! | H47: =(Iout*(Vout_nom^2)*2.5*Rsense*K_1)/(eff*(G47^2)*K_FQ)*us -> #REF! | I47: =(1*10^-9*(5*10^8*SQRT(fsw*kHz)+(1.09655978*10^10)*SQRT(ftyp)*SQRT(H47)))/SQRT(fsw*kHz) -> #REF! | J47: =(b_1^3/(27*a_1^3))-(d_1^3/27)+SQRT((ftyp)^2*H47^2/(4*a_1^2*c_1^2*(fsw*kHz)^2))+(b_1^3*(ftyp)*H47/(27*a_1^4*c_1*(fsw*kHz))-(d_1^3*(ftyp)*H47/(27*a_1*c_1*(fsw*kHz)))+(b_1*d_1^2*(ftyp)*H47/(9*a_1^2*c_1*(fsw*kHz)))-(b_1^2*d_1*(ftyp)*H47/(9*a_1^3*c_1*(fsw*kHz)))) -> #REF! | K47: =(b_1*d_1^2/(9*a_1))-(b_1^2*d_1/(9*a_1^2))+(ftyp*H47/(2*a_1*c_1*fsw*kHz)) -> #REF! | L47: =(d_1^2/9)+(b_1^2/(9*a_1^2))-(2*b_1*d_1/(9*a_1)) -> 0.00045657097 | M47: =((b_1*c_1*fsw*kHz)+(2*a_1*c_1*d_1*fsw*kHz))/(3*a_1*c_1*fsw*kHz) -> #REF! | N47: =(J47+K47)^(1/3)+(L47/(J47^(1/3)))+M47 -> #REF! | O47: =(b_2^3/(27*a_2^3))-(d_2^3/27) -> 0.073252235 | P47: =(ftyp^2*H47^2/(4*a_2^2*c_2^2*(fsw*kHz)^2))+(b_2^3*ftyp*H47/(27*a_2^4*c_2*(fsw*kHz)))-(d_2^3*ftyp*H47/(27*a_2*c_2*(fsw*kHz)))+(b_2*d_2^2*ftyp*H47/(9*a_2^2*c_2*(fsw*kHz)))-(b_2^2*d_2*ftyp*H47/(9*a_2^3*c_2*(fsw*kHz))) -> #REF! | Q47: =(b_2*d_2^2/(9*a_2))-(b_2^2*d_2/(9*a_2^2))+(ftyp*H47/(2*a_2*c_2*(fsw*kHz))) -> #REF! | R47: =(d_2^2/9)+(b_2^2/(9*a_2^2))-(2*b_2*d_2/(9*a_2)) -> 0.067799508 | S47: =(b_2*c_2*(fsw*kHz)+2*a_2*c_2*d_2*(fsw*kHz))/(3*a_2*c_2*(fsw*kHz)) -> #REF! | T47: =((O47+SQRT(P47)+Q47)^(1/3))+(R47/((O47+SQRT(P47)+Q47)^(1/3)))+S47 -> #REF! | U47: =c_3+(SQRT(ftyp)*SQRT(H47)/(SQRT(a_3)*SQRT(b_3)*SQRT(fsw*kHz))) -> #REF! | V47: =(a_4*(fsw*kHz)*b_4/ftyp) -> #REF! | W47: =IF(I47>=0.5,IF(I47<1,I47,IF(N47>=1,IF(N47<2,N47,IF(T47>=2,IF(T47<4.5,T47,IF(U47>=4.5,IF(U47<4.6,U47,V47)))))))) -> #REF! | X47: =Pin_max/G47 -> #REF! | Y47: =-X47*Rsense*1.414 -> #REF! | Z47: =MIN(6,MAX(0.5,Beta*G*($Y47-Voff_trim)/(MAX(0,MIN(4.5,W47)-Alpha1_A)+MAX(0,MIN(4.5,W47)-Alpha1_B)-Alpha1_C)+Alpha2)) -> #REF!
G48: =G47+1 -> #REF! | H48: =(Iout*(Vout_nom^2)*2.5*Rsense*K_1)/(eff*(G48^2)*K_FQ)*us -> #REF! | I48: =(1*10^-9*(5*10^8*SQRT(fsw*kHz)+(1.09655978*10^10)*SQRT(ftyp)*SQRT(H48)))/SQRT(fsw*kHz) -> #REF! | J48: =(b_1^3/(27*a_1^3))-(d_1^3/27)+SQRT((ftyp)^2*H48^2/(4*a_1^2*c_1^2*(fsw*kHz)^2))+(b_1^3*(ftyp)*H48/(27*a_1^4*c_1*(fsw*kHz))-(d_1^3*(ftyp)*H48/(27*a_1*c_1*(fsw*kHz)))+(b_1*d_1^2*(ftyp)*H48/(9*a_1^2*c_1*(fsw*kHz)))-(b_1^2*d_1*(ftyp)*H48/(9*a_1^3*c_1*(fsw*kHz)))) -> #REF! | K48: =(b_1*d_1^2/(9*a_1))-(b_1^2*d_1/(9*a_1^2))+(ftyp*H48/(2*a_1*c_1*fsw*kHz)) -> #REF! | L48: =(d_1^2/9)+(b_1^2/(9*a_1^2))-(2*b_1*d_1/(9*a_1)) -> 0.00045657097 | M48: =((b_1*c_1*fsw*kHz)+(2*a_1*c_1*d_1*fsw*kHz))/(3*a_1*c_1*fsw*kHz) -> #REF! | N48: =(J48+K48)^(1/3)+(L48/(J48^(1/3)))+M48 -> #REF! | O48: =(b_2^3/(27*a_2^3))-(d_2^3/27) -> 0.073252235 | P48: =(ftyp^2*H48^2/(4*a_2^2*c_2^2*(fsw*kHz)^2))+(b_2^3*ftyp*H48/(27*a_2^4*c_2*(fsw*kHz)))-(d_2^3*ftyp*H48/(27*a_2*c_2*(fsw*kHz)))+(b_2*d_2^2*ftyp*H48/(9*a_2^2*c_2*(fsw*kHz)))-(b_2^2*d_2*ftyp*H48/(9*a_2^3*c_2*(fsw*kHz))) -> #REF! | Q48: =(b_2*d_2^2/(9*a_2))-(b_2^2*d_2/(9*a_2^2))+(ftyp*H48/(2*a_2*c_2*(fsw*kHz))) -> #REF! | R48: =(d_2^2/9)+(b_2^2/(9*a_2^2))-(2*b_2*d_2/(9*a_2)) -> 0.067799508 | S48: =(b_2*c_2*(fsw*kHz)+2*a_2*c_2*d_2*(fsw*kHz))/(3*a_2*c_2*(fsw*kHz)) -> #REF! | T48: =((O48+SQRT(P48)+Q48)^(1/3))+(R48/((O48+SQRT(P48)+Q48)^(1/3)))+S48 -> #REF! | U48: =c_3+(SQRT(ftyp)*SQRT(H48)/(SQRT(a_3)*SQRT(b_3)*SQRT(fsw*kHz))) -> #REF! | V48: =(a_4*(fsw*kHz)*b_4/ftyp) -> #REF! | W48: =IF(I48>=0.5,IF(I48<1,I48,IF(N48>=1,IF(N48<2,N48,IF(T48>=2,IF(T48<4.5,T48,IF(U48>=4.5,IF(U48<4.6,U48,V48)))))))) -> #REF! | X48: =Pin_max/G48 -> #REF! | Y48: =-X48*Rsense*1.414 -> #REF! | Z48: =MIN(6,MAX(0.5,Beta*G*($Y48-Voff_trim)/(MAX(0,MIN(4.5,W48)-Alpha1_A)+MAX(0,MIN(4.5,W48)-Alpha1_B)-Alpha1_C)+Alpha2)) -> #REF!
G49: =G48+1 -> #REF! | H49: =(Iout*(Vout_nom^2)*2.5*Rsense*K_1)/(eff*(G49^2)*K_FQ)*us -> #REF! | I49: =(1*10^-9*(5*10^8*SQRT(fsw*kHz)+(1.09655978*10^10)*SQRT(ftyp)*SQRT(H49)))/SQRT(fsw*kHz) -> #REF! | J49: =(b_1^3/(27*a_1^3))-(d_1^3/27)+SQRT((ftyp)^2*H49^2/(4*a_1^2*c_1^2*(fsw*kHz)^2))+(b_1^3*(ftyp)*H49/(27*a_1^4*c_1*(fsw*kHz))-(d_1^3*(ftyp)*H49/(27*a_1*c_1*(fsw*kHz)))+(b_1*d_1^2*(ftyp)*H49/(9*a_1^2*c_1*(fsw*kHz)))-(b_1^2*d_1*(ftyp)*H49/(9*a_1^3*c_1*(fsw*kHz)))) -> #REF! | K49: =(b_1*d_1^2/(9*a_1))-(b_1^2*d_1/(9*a_1^2))+(ftyp*H49/(2*a_1*c_1*fsw*kHz)) -> #REF! | L49: =(d_1^2/9)+(b_1^2/(9*a_1^2))-(2*b_1*d_1/(9*a_1)) -> 0.00045657097 | M49: =((b_1*c_1*fsw*kHz)+(2*a_1*c_1*d_1*fsw*kHz))/(3*a_1*c_1*fsw*kHz) -> #REF! | N49: =(J49+K49)^(1/3)+(L49/(J49^(1/3)))+M49 -> #REF! | O49: =(b_2^3/(27*a_2^3))-(d_2^3/27) -> 0.073252235 | P49: =(ftyp^2*H49^2/(4*a_2^2*c_2^2*(fsw*kHz)^2))+(b_2^3*ftyp*H49/(27*a_2^4*c_2*(fsw*kHz)))-(d_2^3*ftyp*H49/(27*a_2*c_2*(fsw*kHz)))+(b_2*d_2^2*ftyp*H49/(9*a_2^2*c_2*(fsw*kHz)))-(b_2^2*d_2*ftyp*H49/(9*a_2^3*c_2*(fsw*kHz))) -> #REF! | Q49: =(b_2*d_2^2/(9*a_2))-(b_2^2*d_2/(9*a_2^2))+(ftyp*H49/(2*a_2*c_2*(fsw*kHz))) -> #REF! | R49: =(d_2^2/9)+(b_2^2/(9*a_2^2))-(2*b_2*d_2/(9*a_2)) -> 0.067799508 | S49: =(b_2*c_2*(fsw*kHz)+2*a_2*c_2*d_2*(fsw*kHz))/(3*a_2*c_2*(fsw*kHz)) -> #REF! | T49: =((O49+SQRT(P49)+Q49)^(1/3))+(R49/((O49+SQRT(P49)+Q49)^(1/3)))+S49 -> #REF! | U49: =c_3+(SQRT(ftyp)*SQRT(H49)/(SQRT(a_3)*SQRT(b_3)*SQRT(fsw*kHz))) -> #REF! | V49: =(a_4*(fsw*kHz)*b_4/ftyp) -> #REF! | W49: =IF(I49>=0.5,IF(I49<1,I49,IF(N49>=1,IF(N49<2,N49,IF(T49>=2,IF(T49<4.5,T49,IF(U49>=4.5,IF(U49<4.6,U49,V49)))))))) -> #REF! | X49: =Pin_max/G49 -> #REF! | Y49: =-X49*Rsense*1.414 -> #REF! | Z49: =MIN(6,MAX(0.5,Beta*G*($Y49-Voff_trim)/(MAX(0,MIN(4.5,W49)-Alpha1_A)+MAX(0,MIN(4.5,W49)-Alpha1_B)-Alpha1_C)+Alpha2)) -> #REF!
G50: =G49+1 -> #REF! | H50: =(Iout*(Vout_nom^2)*2.5*Rsense*K_1)/(eff*(G50^2)*K_FQ)*us -> #REF! | I50: =(1*10^-9*(5*10^8*SQRT(fsw*kHz)+(1.09655978*10^10)*SQRT(ftyp)*SQRT(H50)))/SQRT(fsw*kHz) -> #REF! | J50: =(b_1^3/(27*a_1^3))-(d_1^3/27)+SQRT((ftyp)^2*H50^2/(4*a_1^2*c_1^2*(fsw*kHz)^2))+(b_1^3*(ftyp)*H50/(27*a_1^4*c_1*(fsw*kHz))-(d_1^3*(ftyp)*H50/(27*a_1*c_1*(fsw*kHz)))+(b_1*d_1^2*(ftyp)*H50/(9*a_1^2*c_1*(fsw*kHz)))-(b_1^2*d_1*(ftyp)*H50/(9*a_1^3*c_1*(fsw*kHz)))) -> #REF! | K50: =(b_1*d_1^2/(9*a_1))-(b_1^2*d_1/(9*a_1^2))+(ftyp*H50/(2*a_1*c_1*fsw*kHz)) -> #REF! | L50: =(d_1^2/9)+(b_1^2/(9*a_1^2))-(2*b_1*d_1/(9*a_1)) -> 0.00045657097 | M50: =((b_1*c_1*fsw*kHz)+(2*a_1*c_1*d_1*fsw*kHz))/(3*a_1*c_1*fsw*kHz) -> #REF! | N50: =(J50+K50)^(1/3)+(L50/(J50^(1/3)))+M50 -> #REF! | O50: =(b_2^3/(27*a_2^3))-(d_2^3/27) -> 0.073252235 | P50: =(ftyp^2*H50^2/(4*a_2^2*c_2^2*(fsw*kHz)^2))+(b_2^3*ftyp*H50/(27*a_2^4*c_2*(fsw*kHz)))-(d_2^3*ftyp*H50/(27*a_2*c_2*(fsw*kHz)))+(b_2*d_2^2*ftyp*H50/(9*a_2^2*c_2*(fsw*kHz)))-(b_2^2*d_2*ftyp*H50/(9*a_2^3*c_2*(fsw*kHz))) -> #REF! | Q50: =(b_2*d_2^2/(9*a_2))-(b_2^2*d_2/(9*a_2^2))+(ftyp*H50/(2*a_2*c_2*(fsw*kHz))) -> #REF! | R50: =(d_2^2/9)+(b_2^2/(9*a_2^2))-(2*b_2*d_2/(9*a_2)) -> 0.067799508 | S50: =(b_2*c_2*(fsw*kHz)+2*a_2*c_2*d_2*(fsw*kHz))/(3*a_2*c_2*(fsw*kHz)) -> #REF! | T50: =((O50+SQRT(P50)+Q50)^(1/3))+(R50/((O50+SQRT(P50)+Q50)^(1/3)))+S50 -> #REF! | U50: =c_3+(SQRT(ftyp)*SQRT(H50)/(SQRT(a_3)*SQRT(b_3)*SQRT(fsw*kHz))) -> #REF! | V50: =(a_4*(fsw*kHz)*b_4/ftyp) -> #REF! | W50: =IF(I50>=0.5,IF(I50<1,I50,IF(N50>=1,IF(N50<2,N50,IF(T50>=2,IF(T50<4.5,T50,IF(U50>=4.5,IF(U50<4.6,U50,V50)))))))) -> #REF! | X50: =Pin_max/G50 -> #REF! | Y50: =-X50*Rsense*1.414 -> #REF! | Z50: =MIN(6,MAX(0.5,Beta*G*($Y50-Voff_trim)/(MAX(0,MIN(4.5,W50)-Alpha1_A)+MAX(0,MIN(4.5,W50)-Alpha1_B)-Alpha1_C)+Alpha2)) -> #REF!
G51: =G50+1 -> #REF! | H51: =(Iout*(Vout_nom^2)*2.5*Rsense*K_1)/(eff*(G51^2)*K_FQ)*us -> #REF! | I51: =(1*10^-9*(5*10^8*SQRT(fsw*kHz)+(1.09655978*10^10)*SQRT(ftyp)*SQRT(H51)))/SQRT(fsw*kHz) -> #REF! | J51: =(b_1^3/(27*a_1^3))-(d_1^3/27)+SQRT((ftyp)^2*H51^2/(4*a_1^2*c_1^2*(fsw*kHz)^2))+(b_1^3*(ftyp)*H51/(27*a_1^4*c_1*(fsw*kHz))-(d_1^3*(ftyp)*H51/(27*a_1*c_1*(fsw*kHz)))+(b_1*d_1^2*(ftyp)*H51/(9*a_1^2*c_1*(fsw*kHz)))-(b_1^2*d_1*(ftyp)*H51/(9*a_1^3*c_1*(fsw*kHz)))) -> #REF! | K51: =(b_1*d_1^2/(9*a_1))-(b_1^2*d_1/(9*a_1^2))+(ftyp*H51/(2*a_1*c_1*fsw*kHz)) -> #REF! | L51: =(d_1^2/9)+(b_1^2/(9*a_1^2))-(2*b_1*d_1/(9*a_1)) -> 0.00045657097 | M51: =((b_1*c_1*fsw*kHz)+(2*a_1*c_1*d_1*fsw*kHz))/(3*a_1*c_1*fsw*kHz) -> #REF! | N51: =(J51+K51)^(1/3)+(L51/(J51^(1/3)))+M51 -> #REF! | O51: =(b_2^3/(27*a_2^3))-(d_2^3/27) -> 0.073252235 | P51: =(ftyp^2*H51^2/(4*a_2^2*c_2^2*(fsw*kHz)^2))+(b_2^3*ftyp*H51/(27*a_2^4*c_2*(fsw*kHz)))-(d_2^3*ftyp*H51/(27*a_2*c_2*(fsw*kHz)))+(b_2*d_2^2*ftyp*H51/(9*a_2^2*c_2*(fsw*kHz)))-(b_2^2*d_2*ftyp*H51/(9*a_2^3*c_2*(fsw*kHz))) -> #REF! | Q51: =(b_2*d_2^2/(9*a_2))-(b_2^2*d_2/(9*a_2^2))+(ftyp*H51/(2*a_2*c_2*(fsw*kHz))) -> #REF! | R51: =(d_2^2/9)+(b_2^2/(9*a_2^2))-(2*b_2*d_2/(9*a_2)) -> 0.067799508 | S51: =(b_2*c_2*(fsw*kHz)+2*a_2*c_2*d_2*(fsw*kHz))/(3*a_2*c_2*(fsw*kHz)) -> #REF! | T51: =((O51+SQRT(P51)+Q51)^(1/3))+(R51/((O51+SQRT(P51)+Q51)^(1/3)))+S51 -> #REF! | U51: =c_3+(SQRT(ftyp)*SQRT(H51)/(SQRT(a_3)*SQRT(b_3)*SQRT(fsw*kHz))) -> #REF! | V51: =(a_4*(fsw*kHz)*b_4/ftyp) -> #REF! | W51: =IF(I51>=0.5,IF(I51<1,I51,IF(N51>=1,IF(N51<2,N51,IF(T51>=2,IF(T51<4.5,T51,IF(U51>=4.5,IF(U51<4.6,U51,V51)))))))) -> #REF! | X51: =Pin_max/G51 -> #REF! | Y51: =-X51*Rsense*1.414 -> #REF! | Z51: =MIN(6,MAX(0.5,Beta*G*($Y51-Voff_trim)/(MAX(0,MIN(4.5,W51)-Alpha1_A)+MAX(0,MIN(4.5,W51)-Alpha1_B)-Alpha1_C)+Alpha2)) -> #REF!
G52: =G51+1 -> #REF! | H52: =(Iout*(Vout_nom^2)*2.5*Rsense*K_1)/(eff*(G52^2)*K_FQ)*us -> #REF! | I52: =(1*10^-9*(5*10^8*SQRT(fsw*kHz)+(1.09655978*10^10)*SQRT(ftyp)*SQRT(H52)))/SQRT(fsw*kHz) -> #REF! | J52: =(b_1^3/(27*a_1^3))-(d_1^3/27)+SQRT((ftyp)^2*H52^2/(4*a_1^2*c_1^2*(fsw*kHz)^2))+(b_1^3*(ftyp)*H52/(27*a_1^4*c_1*(fsw*kHz))-(d_1^3*(ftyp)*H52/(27*a_1*c_1*(fsw*kHz)))+(b_1*d_1^2*(ftyp)*H52/(9*a_1^2*c_1*(fsw*kHz)))-(b_1^2*d_1*(ftyp)*H52/(9*a_1^3*c_1*(fsw*kHz)))) -> #REF! | K52: =(b_1*d_1^2/(9*a_1))-(b_1^2*d_1/(9*a_1^2))+(ftyp*H52/(2*a_1*c_1*fsw*kHz)) -> #REF! | L52: =(d_1^2/9)+(b_1^2/(9*a_1^2))-(2*b_1*d_1/(9*a_1)) -> 0.00045657097 | M52: =((b_1*c_1*fsw*kHz)+(2*a_1*c_1*d_1*fsw*kHz))/(3*a_1*c_1*fsw*kHz) -> #REF! | N52: =(J52+K52)^(1/3)+(L52/(J52^(1/3)))+M52 -> #REF! | O52: =(b_2^3/(27*a_2^3))-(d_2^3/27) -> 0.073252235 | P52: =(ftyp^2*H52^2/(4*a_2^2*c_2^2*(fsw*kHz)^2))+(b_2^3*ftyp*H52/(27*a_2^4*c_2*(fsw*kHz)))-(d_2^3*ftyp*H52/(27*a_2*c_2*(fsw*kHz)))+(b_2*d_2^2*ftyp*H52/(9*a_2^2*c_2*(fsw*kHz)))-(b_2^2*d_2*ftyp*H52/(9*a_2^3*c_2*(fsw*kHz))) -> #REF! | Q52: =(b_2*d_2^2/(9*a_2))-(b_2^2*d_2/(9*a_2^2))+(ftyp*H52/(2*a_2*c_2*(fsw*kHz))) -> #REF! | R52: =(d_2^2/9)+(b_2^2/(9*a_2^2))-(2*b_2*d_2/(9*a_2)) -> 0.067799508 | S52: =(b_2*c_2*(fsw*kHz)+2*a_2*c_2*d_2*(fsw*kHz))/(3*a_2*c_2*(fsw*kHz)) -> #REF! | T52: =((O52+SQRT(P52)+Q52)^(1/3))+(R52/((O52+SQRT(P52)+Q52)^(1/3)))+S52 -> #REF! | U52: =c_3+(SQRT(ftyp)*SQRT(H52)/(SQRT(a_3)*SQRT(b_3)*SQRT(fsw*kHz))) -> #REF! | V52: =(a_4*(fsw*kHz)*b_4/ftyp) -> #REF! | W52: =IF(I52>=0.5,IF(I52<1,I52,IF(N52>=1,IF(N52<2,N52,IF(T52>=2,IF(T52<4.5,T52,IF(U52>=4.5,IF(U52<4.6,U52,V52)))))))) -> #REF! | X52: =Pin_max/G52 -> #REF! | Y52: =-X52*Rsense*1.414 -> #REF! | Z52: =MIN(6,MAX(0.5,Beta*G*($Y52-Voff_trim)/(MAX(0,MIN(4.5,W52)-Alpha1_A)+MAX(0,MIN(4.5,W52)-Alpha1_B)-Alpha1_C)+Alpha2)) -> #REF!
G53: =G52+1 -> #REF! | H53: =(Iout*(Vout_nom^2)*2.5*Rsense*K_1)/(eff*(G53^2)*K_FQ)*us -> #REF! | I53: =(1*10^-9*(5*10^8*SQRT(fsw*kHz)+(1.09655978*10^10)*SQRT(ftyp)*SQRT(H53)))/SQRT(fsw*kHz) -> #REF! | J53: =(b_1^3/(27*a_1^3))-(d_1^3/27)+SQRT((ftyp)^2*H53^2/(4*a_1^2*c_1^2*(fsw*kHz)^2))+(b_1^3*(ftyp)*H53/(27*a_1^4*c_1*(fsw*kHz))-(d_1^3*(ftyp)*H53/(27*a_1*c_1*(fsw*kHz)))+(b_1*d_1^2*(ftyp)*H53/(9*a_1^2*c_1*(fsw*kHz)))-(b_1^2*d_1*(ftyp)*H53/(9*a_1^3*c_1*(fsw*kHz)))) -> #REF! | K53: =(b_1*d_1^2/(9*a_1))-(b_1^2*d_1/(9*a_1^2))+(ftyp*H53/(2*a_1*c_1*fsw*kHz)) -> #REF! | L53: =(d_1^2/9)+(b_1^2/(9*a_1^2))-(2*b_1*d_1/(9*a_1)) -> 0.00045657097 | M53: =((b_1*c_1*fsw*kHz)+(2*a_1*c_1*d_1*fsw*kHz))/(3*a_1*c_1*fsw*kHz) -> #REF! | N53: =(J53+K53)^(1/3)+(L53/(J53^(1/3)))+M53 -> #REF! | O53: =(b_2^3/(27*a_2^3))-(d_2^3/27) -> 0.073252235 | P53: =(ftyp^2*H53^2/(4*a_2^2*c_2^2*(fsw*kHz)^2))+(b_2^3*ftyp*H53/(27*a_2^4*c_2*(fsw*kHz)))-(d_2^3*ftyp*H53/(27*a_2*c_2*(fsw*kHz)))+(b_2*d_2^2*ftyp*H53/(9*a_2^2*c_2*(fsw*kHz)))-(b_2^2*d_2*ftyp*H53/(9*a_2^3*c_2*(fsw*kHz))) -> #REF! | Q53: =(b_2*d_2^2/(9*a_2))-(b_2^2*d_2/(9*a_2^2))+(ftyp*H53/(2*a_2*c_2*(fsw*kHz))) -> #REF! | R53: =(d_2^2/9)+(b_2^2/(9*a_2^2))-(2*b_2*d_2/(9*a_2)) -> 0.067799508 | S53: =(b_2*c_2*(fsw*kHz)+2*a_2*c_2*d_2*(fsw*kHz))/(3*a_2*c_2*(fsw*kHz)) -> #REF! | T53: =((O53+SQRT(P53)+Q53)^(1/3))+(R53/((O53+SQRT(P53)+Q53)^(1/3)))+S53 -> #REF! | U53: =c_3+(SQRT(ftyp)*SQRT(H53)/(SQRT(a_3)*SQRT(b_3)*SQRT(fsw*kHz))) -> #REF! | V53: =(a_4*(fsw*kHz)*b_4/ftyp) -> #REF! | W53: =IF(I53>=0.5,IF(I53<1,I53,IF(N53>=1,IF(N53<2,N53,IF(T53>=2,IF(T53<4.5,T53,IF(U53>=4.5,IF(U53<4.6,U53,V53)))))))) -> #REF! | X53: =Pin_max/G53 -> #REF! | Y53: =-X53*Rsense*1.414 -> #REF! | Z53: =MIN(6,MAX(0.5,Beta*G*($Y53-Voff_trim)/(MAX(0,MIN(4.5,W53)-Alpha1_A)+MAX(0,MIN(4.5,W53)-Alpha1_B)-Alpha1_C)+Alpha2)) -> #REF!
G54: =G53+1 -> #REF! | H54: =(Iout*(Vout_nom^2)*2.5*Rsense*K_1)/(eff*(G54^2)*K_FQ)*us -> #REF! | I54: =(1*10^-9*(5*10^8*SQRT(fsw*kHz)+(1.09655978*10^10)*SQRT(ftyp)*SQRT(H54)))/SQRT(fsw*kHz) -> #REF! | J54: =(b_1^3/(27*a_1^3))-(d_1^3/27)+SQRT((ftyp)^2*H54^2/(4*a_1^2*c_1^2*(fsw*kHz)^2))+(b_1^3*(ftyp)*H54/(27*a_1^4*c_1*(fsw*kHz))-(d_1^3*(ftyp)*H54/(27*a_1*c_1*(fsw*kHz)))+(b_1*d_1^2*(ftyp)*H54/(9*a_1^2*c_1*(fsw*kHz)))-(b_1^2*d_1*(ftyp)*H54/(9*a_1^3*c_1*(fsw*kHz)))) -> #REF! | K54: =(b_1*d_1^2/(9*a_1))-(b_1^2*d_1/(9*a_1^2))+(ftyp*H54/(2*a_1*c_1*fsw*kHz)) -> #REF! | L54: =(d_1^2/9)+(b_1^2/(9*a_1^2))-(2*b_1*d_1/(9*a_1)) -> 0.00045657097 | M54: =((b_1*c_1*fsw*kHz)+(2*a_1*c_1*d_1*fsw*kHz))/(3*a_1*c_1*fsw*kHz) -> #REF! | N54: =(J54+K54)^(1/3)+(L54/(J54^(1/3)))+M54 -> #REF! | O54: =(b_2^3/(27*a_2^3))-(d_2^3/27) -> 0.073252235 | P54: =(ftyp^2*H54^2/(4*a_2^2*c_2^2*(fsw*kHz)^2))+(b_2^3*ftyp*H54/(27*a_2^4*c_2*(fsw*kHz)))-(d_2^3*ftyp*H54/(27*a_2*c_2*(fsw*kHz)))+(b_2*d_2^2*ftyp*H54/(9*a_2^2*c_2*(fsw*kHz)))-(b_2^2*d_2*ftyp*H54/(9*a_2^3*c_2*(fsw*kHz))) -> #REF! | Q54: =(b_2*d_2^2/(9*a_2))-(b_2^2*d_2/(9*a_2^2))+(ftyp*H54/(2*a_2*c_2*(fsw*kHz))) -> #REF! | R54: =(d_2^2/9)+(b_2^2/(9*a_2^2))-(2*b_2*d_2/(9*a_2)) -> 0.067799508 | S54: =(b_2*c_2*(fsw*kHz)+2*a_2*c_2*d_2*(fsw*kHz))/(3*a_2*c_2*(fsw*kHz)) -> #REF! | T54: =((O54+SQRT(P54)+Q54)^(1/3))+(R54/((O54+SQRT(P54)+Q54)^(1/3)))+S54 -> #REF! | U54: =c_3+(SQRT(ftyp)*SQRT(H54)/(SQRT(a_3)*SQRT(b_3)*SQRT(fsw*kHz))) -> #REF! | V54: =(a_4*(fsw*kHz)*b_4/ftyp) -> #REF! | W54: =IF(I54>=0.5,IF(I54<1,I54,IF(N54>=1,IF(N54<2,N54,IF(T54>=2,IF(T54<4.5,T54,IF(U54>=4.5,IF(U54<4.6,U54,V54)))))))) -> #REF! | X54: =Pin_max/G54 -> #REF! | Y54: =-X54*Rsense*1.414 -> #REF! | Z54: =MIN(6,MAX(0.5,Beta*G*($Y54-Voff_trim)/(MAX(0,MIN(4.5,W54)-Alpha1_A)+MAX(0,MIN(4.5,W54)-Alpha1_B)-Alpha1_C)+Alpha2)) -> #REF!
G55: =G54+1 -> #REF! | H55: =(Iout*(Vout_nom^2)*2.5*Rsense*K_1)/(eff*(G55^2)*K_FQ)*us -> #REF! | I55: =(1*10^-9*(5*10^8*SQRT(fsw*kHz)+(1.09655978*10^10)*SQRT(ftyp)*SQRT(H55)))/SQRT(fsw*kHz) -> #REF! | J55: =(b_1^3/(27*a_1^3))-(d_1^3/27)+SQRT((ftyp)^2*H55^2/(4*a_1^2*c_1^2*(fsw*kHz)^2))+(b_1^3*(ftyp)*H55/(27*a_1^4*c_1*(fsw*kHz))-(d_1^3*(ftyp)*H55/(27*a_1*c_1*(fsw*kHz)))+(b_1*d_1^2*(ftyp)*H55/(9*a_1^2*c_1*(fsw*kHz)))-(b_1^2*d_1*(ftyp)*H55/(9*a_1^3*c_1*(fsw*kHz)))) -> #REF! | K55: =(b_1*d_1^2/(9*a_1))-(b_1^2*d_1/(9*a_1^2))+(ftyp*H55/(2*a_1*c_1*fsw*kHz)) -> #REF! | L55: =(d_1^2/9)+(b_1^2/(9*a_1^2))-(2*b_1*d_1/(9*a_1)) -> 0.00045657097 | M55: =((b_1*c_1*fsw*kHz)+(2*a_1*c_1*d_1*fsw*kHz))/(3*a_1*c_1*fsw*kHz) -> #REF! | N55: =(J55+K55)^(1/3)+(L55/(J55^(1/3)))+M55 -> #REF! | O55: =(b_2^3/(27*a_2^3))-(d_2^3/27) -> 0.073252235 | P55: =(ftyp^2*H55^2/(4*a_2^2*c_2^2*(fsw*kHz)^2))+(b_2^3*ftyp*H55/(27*a_2^4*c_2*(fsw*kHz)))-(d_2^3*ftyp*H55/(27*a_2*c_2*(fsw*kHz)))+(b_2*d_2^2*ftyp*H55/(9*a_2^2*c_2*(fsw*kHz)))-(b_2^2*d_2*ftyp*H55/(9*a_2^3*c_2*(fsw*kHz))) -> #REF! | Q55: =(b_2*d_2^2/(9*a_2))-(b_2^2*d_2/(9*a_2^2))+(ftyp*H55/(2*a_2*c_2*(fsw*kHz))) -> #REF! | R55: =(d_2^2/9)+(b_2^2/(9*a_2^2))-(2*b_2*d_2/(9*a_2)) -> 0.067799508 | S55: =(b_2*c_2*(fsw*kHz)+2*a_2*c_2*d_2*(fsw*kHz))/(3*a_2*c_2*(fsw*kHz)) -> #REF! | T55: =((O55+SQRT(P55)+Q55)^(1/3))+(R55/((O55+SQRT(P55)+Q55)^(1/3)))+S55 -> #REF! | U55: =c_3+(SQRT(ftyp)*SQRT(H55)/(SQRT(a_3)*SQRT(b_3)*SQRT(fsw*kHz))) -> #REF! | V55: =(a_4*(fsw*kHz)*b_4/ftyp) -> #REF! | W55: =IF(I55>=0.5,IF(I55<1,I55,IF(N55>=1,IF(N55<2,N55,IF(T55>=2,IF(T55<4.5,T55,IF(U55>=4.5,IF(U55<4.6,U55,V55)))))))) -> #REF! | X55: =Pin_max/G55 -> #REF! | Y55: =-X55*Rsense*1.414 -> #REF! | Z55: =MIN(6,MAX(0.5,Beta*G*($Y55-Voff_trim)/(MAX(0,MIN(4.5,W55)-Alpha1_A)+MAX(0,MIN(4.5,W55)-Alpha1_B)-Alpha1_C)+Alpha2)) -> #REF!
G56: =G55+1 -> #REF! | H56: =(Iout*(Vout_nom^2)*2.5*Rsense*K_1)/(eff*(G56^2)*K_FQ)*us -> #REF! | I56: =(1*10^-9*(5*10^8*SQRT(fsw*kHz)+(1.09655978*10^10)*SQRT(ftyp)*SQRT(H56)))/SQRT(fsw*kHz) -> #REF! | J56: =(b_1^3/(27*a_1^3))-(d_1^3/27)+SQRT((ftyp)^2*H56^2/(4*a_1^2*c_1^2*(fsw*kHz)^2))+(b_1^3*(ftyp)*H56/(27*a_1^4*c_1*(fsw*kHz))-(d_1^3*(ftyp)*H56/(27*a_1*c_1*(fsw*kHz)))+(b_1*d_1^2*(ftyp)*H56/(9*a_1^2*c_1*(fsw*kHz)))-(b_1^2*d_1*(ftyp)*H56/(9*a_1^3*c_1*(fsw*kHz)))) -> #REF! | K56: =(b_1*d_1^2/(9*a_1))-(b_1^2*d_1/(9*a_1^2))+(ftyp*H56/(2*a_1*c_1*fsw*kHz)) -> #REF! | L56: =(d_1^2/9)+(b_1^2/(9*a_1^2))-(2*b_1*d_1/(9*a_1)) -> 0.00045657097 | M56: =((b_1*c_1*fsw*kHz)+(2*a_1*c_1*d_1*fsw*kHz))/(3*a_1*c_1*fsw*kHz) -> #REF! | N56: =(J56+K56)^(1/3)+(L56/(J56^(1/3)))+M56 -> #REF! | O56: =(b_2^3/(27*a_2^3))-(d_2^3/27) -> 0.073252235 | P56: =(ftyp^2*H56^2/(4*a_2^2*c_2^2*(fsw*kHz)^2))+(b_2^3*ftyp*H56/(27*a_2^4*c_2*(fsw*kHz)))-(d_2^3*ftyp*H56/(27*a_2*c_2*(fsw*kHz)))+(b_2*d_2^2*ftyp*H56/(9*a_2^2*c_2*(fsw*kHz)))-(b_2^2*d_2*ftyp*H56/(9*a_2^3*c_2*(fsw*kHz))) -> #REF! | Q56: =(b_2*d_2^2/(9*a_2))-(b_2^2*d_2/(9*a_2^2))+(ftyp*H56/(2*a_2*c_2*(fsw*kHz))) -> #REF! | R56: =(d_2^2/9)+(b_2^2/(9*a_2^2))-(2*b_2*d_2/(9*a_2)) -> 0.067799508 | S56: =(b_2*c_2*(fsw*kHz)+2*a_2*c_2*d_2*(fsw*kHz))/(3*a_2*c_2*(fsw*kHz)) -> #REF! | T56: =((O56+SQRT(P56)+Q56)^(1/3))+(R56/((O56+SQRT(P56)+Q56)^(1/3)))+S56 -> #REF! | U56: =c_3+(SQRT(ftyp)*SQRT(H56)/(SQRT(a_3)*SQRT(b_3)*SQRT(fsw*kHz))) -> #REF! | V56: =(a_4*(fsw*kHz)*b_4/ftyp) -> #REF! | W56: =IF(I56>=0.5,IF(I56<1,I56,IF(N56>=1,IF(N56<2,N56,IF(T56>=2,IF(T56<4.5,T56,IF(U56>=4.5,IF(U56<4.6,U56,V56)))))))) -> #REF! | X56: =Pin_max/G56 -> #REF! | Y56: =-X56*Rsense*1.414 -> #REF! | Z56: =MIN(6,MAX(0.5,Beta*G*($Y56-Voff_trim)/(MAX(0,MIN(4.5,W56)-Alpha1_A)+MAX(0,MIN(4.5,W56)-Alpha1_B)-Alpha1_C)+Alpha2)) -> #REF!
G57: =G56+1 -> #REF! | H57: =(Iout*(Vout_nom^2)*2.5*Rsense*K_1)/(eff*(G57^2)*K_FQ)*us -> #REF! | I57: =(1*10^-9*(5*10^8*SQRT(fsw*kHz)+(1.09655978*10^10)*SQRT(ftyp)*SQRT(H57)))/SQRT(fsw*kHz) -> #REF! | J57: =(b_1^3/(27*a_1^3))-(d_1^3/27)+SQRT((ftyp)^2*H57^2/(4*a_1^2*c_1^2*(fsw*kHz)^2))+(b_1^3*(ftyp)*H57/(27*a_1^4*c_1*(fsw*kHz))-(d_1^3*(ftyp)*H57/(27*a_1*c_1*(fsw*kHz)))+(b_1*d_1^2*(ftyp)*H57/(9*a_1^2*c_1*(fsw*kHz)))-(b_1^2*d_1*(ftyp)*H57/(9*a_1^3*c_1*(fsw*kHz)))) -> #REF! | K57: =(b_1*d_1^2/(9*a_1))-(b_1^2*d_1/(9*a_1^2))+(ftyp*H57/(2*a_1*c_1*fsw*kHz)) -> #REF! | L57: =(d_1^2/9)+(b_1^2/(9*a_1^2))-(2*b_1*d_1/(9*a_1)) -> 0.00045657097 | M57: =((b_1*c_1*fsw*kHz)+(2*a_1*c_1*d_1*fsw*kHz))/(3*a_1*c_1*fsw*kHz) -> #REF! | N57: =(J57+K57)^(1/3)+(L57/(J57^(1/3)))+M57 -> #REF! | O57: =(b_2^3/(27*a_2^3))-(d_2^3/27) -> 0.073252235 | P57: =(ftyp^2*H57^2/(4*a_2^2*c_2^2*(fsw*kHz)^2))+(b_2^3*ftyp*H57/(27*a_2^4*c_2*(fsw*kHz)))-(d_2^3*ftyp*H57/(27*a_2*c_2*(fsw*kHz)))+(b_2*d_2^2*ftyp*H57/(9*a_2^2*c_2*(fsw*kHz)))-(b_2^2*d_2*ftyp*H57/(9*a_2^3*c_2*(fsw*kHz))) -> #REF! | Q57: =(b_2*d_2^2/(9*a_2))-(b_2^2*d_2/(9*a_2^2))+(ftyp*H57/(2*a_2*c_2*(fsw*kHz))) -> #REF! | R57: =(d_2^2/9)+(b_2^2/(9*a_2^2))-(2*b_2*d_2/(9*a_2)) -> 0.067799508 | S57: =(b_2*c_2*(fsw*kHz)+2*a_2*c_2*d_2*(fsw*kHz))/(3*a_2*c_2*(fsw*kHz)) -> #REF! | T57: =((O57+SQRT(P57)+Q57)^(1/3))+(R57/((O57+SQRT(P57)+Q57)^(1/3)))+S57 -> #REF! | U57: =c_3+(SQRT(ftyp)*SQRT(H57)/(SQRT(a_3)*SQRT(b_3)*SQRT(fsw*kHz))) -> #REF! | V57: =(a_4*(fsw*kHz)*b_4/ftyp) -> #REF! | W57: =IF(I57>=0.5,IF(I57<1,I57,IF(N57>=1,IF(N57<2,N57,IF(T57>=2,IF(T57<4.5,T57,IF(U57>=4.5,IF(U57<4.6,U57,V57)))))))) -> #REF! | X57: =Pin_max/G57 -> #REF! | Y57: =-X57*Rsense*1.414 -> #REF! | Z57: =MIN(6,MAX(0.5,Beta*G*($Y57-Voff_trim)/(MAX(0,MIN(4.5,W57)-Alpha1_A)+MAX(0,MIN(4.5,W57)-Alpha1_B)-Alpha1_C)+Alpha2)) -> #REF!
... G187: =G186+1 -> #REF! | H187: =(Iout*(Vout_nom^2)*2.5*Rsense*K_1)/(eff*(G187^2)*K_FQ)*us -> #REF! | I187: =(1*10^-9*(5*10^8*SQRT(fsw*kHz)+(1.09655978*10^10)*SQRT(ftyp)*SQRT(H187)))/SQRT(fsw*kHz) -> #REF! | J187: =(b_1^3/(27*a_1^3))-(d_1^3/27)+SQRT((ftyp)^2*H187^2/(4*a_1^2*c_1^2*(fsw*kHz)^2))+(b_1^3*(ftyp)*H187/(27*a_1^4*c_1*(fsw*kHz))-(d_1^3*(ftyp)*H187/(27*a_1*c_1*(fsw*kHz)))+(b_1*d_1^2*(ftyp)*H187/(9*a_1^2*c_1*(fsw*kHz)))-(b_1^2*d_1*(ftyp)*H187/(9*a_1^3*c_1*(fsw*kHz)))) -> #REF! | K187: =(b_1*d_1^2/(9*a_1))-(b_1^2*d_1/(9*a_1^2))+(ftyp*H187/(2*a_1*c_1*fsw*kHz)) -> #REF! | L187: =(d_1^2/9)+(b_1^2/(9*a_1^2))-(2*b_1*d_1/(9*a_1)) -> 0.00045657097 | M187: =((b_1*c_1*fsw*kHz)+(2*a_1*c_1*d_1*fsw*kHz))/(3*a_1*c_1*fsw*kHz) -> #REF! | N187: =(J187+K187)^(1/3)+(L187/(J187^(1/3)))+M187 -> #REF! | O187: =(b_2^3/(27*a_2^3))-(d_2^3/27) -> 0.073252235 | P187: =(ftyp^2*H187^2/(4*a_2^2*c_2^2*(fsw*kHz)^2))+(b_2^3*ftyp*H187/(27*a_2^4*c_2*(fsw*kHz)))-(d_2^3*ftyp*H187/(27*a_2*c_2*(fsw*kHz)))+(b_2*d_2^2*ftyp*H187/(9*a_2^2*c_2*(fsw*kHz)))-(b_2^2*d_2*ftyp*H187/(9*a_2^3*c_2*(fsw*kHz))) -> #REF! | Q187: =(b_2*d_2^2/(9*a_2))-(b_2^2*d_2/(9*a_2^2))+(ftyp*H187/(2*a_2*c_2*(fsw*kHz))) -> #REF! | R187: =(d_2^2/9)+(b_2^2/(9*a_2^2))-(2*b_2*d_2/(9*a_2)) -> 0.067799508 | S187: =(b_2*c_2*(fsw*kHz)+2*a_2*c_2*d_2*(fsw*kHz))/(3*a_2*c_2*(fsw*kHz)) -> #REF! | T187: =((O187+SQRT(P187)+Q187)^(1/3))+(R187/((O187+SQRT(P187)+Q187)^(1/3)))+S187 -> #REF! | U187: =c_3+(SQRT(ftyp)*SQRT(H187)/(SQRT(a_3)*SQRT(b_3)*SQRT(fsw*kHz))) -> #REF! | V187: =(a_4*(fsw*kHz)*b_4/ftyp) -> #REF! | W187: =IF(I187>=0.5,IF(I187<1,I187,IF(N187>=1,IF(N187<2,N187,IF(T187>=2,IF(T187<4.5,T187,IF(U187>=4.5,IF(U187<4.6,U187,V187)))))))) -> #REF! | X187: =Pin_max/G187 -> #REF! | Y187: =-X187*Rsense*1.414 -> #REF! | Z187: =MIN(6,MAX(0.5,Beta*G*($Y187-Voff_trim)/(MAX(0,MIN(4.5,W187)-Alpha1_A)+MAX(0,MIN(4.5,W187)-Alpha1_B)-Alpha1_C)+Alpha2)) -> #REF!
G189: VCOMP as a function of Load at Given line voltage
G190: %Full Load | H190: M1M2 | I190: VCOMP1 | J190: K1V2 | K190: K2V2 | L190: K3V2 | M190: K4V2 | N190: VCOMP2 | O190: K1V3 | P190: K2V3 | Q190: K3V3 | R190: K4V3 | S190: K5V3 | T190: VCOMP3 | U190: VCOMP4 | V190: VCOMP5 | W190: VCOMP | X190: IAC RMS | Y190: ISENSE_Pk | Z190: ICOMP
G191: 1 | H191: =(((G191/100)*Iout)*(Vout_nom^2)*2.5*Rsense*K_1)/(eff*(Vline^2)*K_FQ)*us -> #REF! | I191: =(1*10^-9*(5*10^8*SQRT(fsw*kHz)+(1.09655978*10^10)*SQRT(ftyp)*SQRT(H191)))/SQRT(fsw*kHz) -> #REF! | J191: =(b_1^3/(27*a_1^3))-(d_1^3/27)+SQRT((ftyp)^2*H191^2/(4*a_1^2*c_1^2*(fsw*kHz)^2))+(b_1^3*(ftyp)*H191/(27*a_1^4*c_1*(fsw*kHz))-(d_1^3*(ftyp)*H191/(27*a_1*c_1*(fsw*kHz)))+(b_1*d_1^2*(ftyp)*H191/(9*a_1^2*c_1*(fsw*kHz)))-(b_1^2*d_1*(ftyp)*H191/(9*a_1^3*c_1*(fsw*kHz)))) -> #REF! | K191: =(b_1*d_1^2/(9*a_1))-(b_1^2*d_1/(9*a_1^2))+(ftyp*H191/(2*a_1*c_1*fsw*kHz)) -> #REF! | L191: =(d_1^2/9)+(b_1^2/(9*a_1^2))-(2*b_1*d_1/(9*a_1)) -> 0.00045657097 | M191: =((b_1*c_1*fsw*kHz)+(2*a_1*c_1*d_1*fsw*kHz))/(3*a_1*c_1*fsw*kHz) -> #REF! | N191: =(J191+K191)^(1/3)+(L191/(J191^(1/3)))+M191 -> #REF! | O191: =(b_2^3/(27*a_2^3))-(d_2^3/27) -> 0.073252235 | P191: =(ftyp^2*H191^2/(4*a_2^2*c_2^2*(fsw*kHz)^2))+(b_2^3*ftyp*H191/(27*a_2^4*c_2*(fsw*kHz)))-(d_2^3*ftyp*H191/(27*a_2*c_2*(fsw*kHz)))+(b_2*d_2^2*ftyp*H191/(9*a_2^2*c_2*(fsw*kHz)))-(b_2^2*d_2*ftyp*H191/(9*a_2^3*c_2*(fsw*kHz))) -> #REF! | Q191: =(b_2*d_2^2/(9*a_2))-(b_2^2*d_2/(9*a_2^2))+(ftyp*H191/(2*a_2*c_2*(fsw*kHz))) -> #REF! | R191: =(d_2^2/9)+(b_2^2/(9*a_2^2))-(2*b_2*d_2/(9*a_2)) -> 0.067799508 | S191: =(b_2*c_2*(fsw*kHz)+2*a_2*c_2*d_2*(fsw*kHz))/(3*a_2*c_2*(fsw*kHz)) -> #REF! | T191: =((O191+SQRT(P191)+Q191)^(1/3))+(R191/((O191+SQRT(P191)+Q191)^(1/3)))+S191 -> #REF! | U191: =c_3+(SQRT(ftyp)*SQRT(H191)/(SQRT(a_3)*SQRT(b_3)*SQRT(fsw*kHz))) -> #REF! | V191: =(a_4*(fsw*kHz)*b_4/ftyp) -> #REF! | W191: =IF(I191>=0.5,IF(I191<1,I191,IF(N191>=1,IF(N191<2,N191,IF(VCOMP3>=2,IF(T191<4.5,T191,IF(U191>=4.5,IF(U191<4.6,U191,V191)))))))) -> #REF! | X191: =Pin_max*G191/(Vline*100) -> #REF! | Y191: =-Rsense*X191*1.414 -> #REF! | Z191: =MIN(6,MAX(0.5,Beta*G*($Y191-Voff_trim)/(MAX(0,MIN(4.5,W191)-Alpha1_A)+MAX(0,MIN(4.5,W191)-Alpha1_B)-Alpha1_C)+Alpha2)) -> #REF!
G192: 2 | H192: =(((G192/100)*Iout)*(Vout_nom^2)*2.5*Rsense*K_1)/(eff*(Vline^2)*K_FQ)*us -> #REF! | I192: =(1*10^-9*(5*10^8*SQRT(fsw*kHz)+(1.09655978*10^10)*SQRT(ftyp)*SQRT(H192)))/SQRT(fsw*kHz) -> #REF! | J192: =(b_1^3/(27*a_1^3))-(d_1^3/27)+SQRT((ftyp)^2*H192^2/(4*a_1^2*c_1^2*(fsw*kHz)^2))+(b_1^3*(ftyp)*H192/(27*a_1^4*c_1*(fsw*kHz))-(d_1^3*(ftyp)*H192/(27*a_1*c_1*(fsw*kHz)))+(b_1*d_1^2*(ftyp)*H192/(9*a_1^2*c_1*(fsw*kHz)))-(b_1^2*d_1*(ftyp)*H192/(9*a_1^3*c_1*(fsw*kHz)))) -> #REF! | K192: =(b_1*d_1^2/(9*a_1))-(b_1^2*d_1/(9*a_1^2))+(ftyp*H192/(2*a_1*c_1*fsw*kHz)) -> #REF! | L192: =(d_1^2/9)+(b_1^2/(9*a_1^2))-(2*b_1*d_1/(9*a_1)) -> 0.00045657097 | M192: =((b_1*c_1*fsw*kHz)+(2*a_1*c_1*d_1*fsw*kHz))/(3*a_1*c_1*fsw*kHz) -> #REF! | N192: =(J192+K192)^(1/3)+(L192/(J192^(1/3)))+M192 -> #REF! | O192: =(b_2^3/(27*a_2^3))-(d_2^3/27) -> 0.073252235 | P192: =(ftyp^2*H192^2/(4*a_2^2*c_2^2*(fsw*kHz)^2))+(b_2^3*ftyp*H192/(27*a_2^4*c_2*(fsw*kHz)))-(d_2^3*ftyp*H192/(27*a_2*c_2*(fsw*kHz)))+(b_2*d_2^2*ftyp*H192/(9*a_2^2*c_2*(fsw*kHz)))-(b_2^2*d_2*ftyp*H192/(9*a_2^3*c_2*(fsw*kHz))) -> #REF! | Q192: =(b_2*d_2^2/(9*a_2))-(b_2^2*d_2/(9*a_2^2))+(ftyp*H192/(2*a_2*c_2*(fsw*kHz))) -> #REF! | R192: =(d_2^2/9)+(b_2^2/(9*a_2^2))-(2*b_2*d_2/(9*a_2)) -> 0.067799508 | S192: =(b_2*c_2*(fsw*kHz)+2*a_2*c_2*d_2*(fsw*kHz))/(3*a_2*c_2*(fsw*kHz)) -> #REF! | T192: =((O192+SQRT(P192)+Q192)^(1/3))+(R192/((O192+SQRT(P192)+Q192)^(1/3)))+S192 -> #REF! | U192: =c_3+(SQRT(ftyp)*SQRT(H192)/(SQRT(a_3)*SQRT(b_3)*SQRT(fsw*kHz))) -> #REF! | V192: =(a_4*(fsw*kHz)*b_4/ftyp) -> #REF! | W192: =IF(I192>=0.5,IF(I192<1,I192,IF(N192>=1,IF(N192<2,N192,IF(VCOMP3>=2,IF(T192<4.5,T192,IF(U192>=4.5,IF(U192<4.6,U192,V192)))))))) -> #REF! | X192: =Pin_max*G192/(Vline*100) -> #REF! | Y192: =-Rsense*X192*1.414 -> #REF! | Z192: =MIN(6,MAX(0.5,Beta*G*($Y192-Voff_trim)/(MAX(0,MIN(4.5,W192)-Alpha1_A)+MAX(0,MIN(4.5,W192)-Alpha1_B)-Alpha1_C)+Alpha2)) -> #REF!
G193: 3 | H193: =(((G193/100)*Iout)*(Vout_nom^2)*2.5*Rsense*K_1)/(eff*(Vline^2)*K_FQ)*us -> #REF! | I193: =(1*10^-9*(5*10^8*SQRT(fsw*kHz)+(1.09655978*10^10)*SQRT(ftyp)*SQRT(H193)))/SQRT(fsw*kHz) -> #REF! | J193: =(b_1^3/(27*a_1^3))-(d_1^3/27)+SQRT((ftyp)^2*H193^2/(4*a_1^2*c_1^2*(fsw*kHz)^2))+(b_1^3*(ftyp)*H193/(27*a_1^4*c_1*(fsw*kHz))-(d_1^3*(ftyp)*H193/(27*a_1*c_1*(fsw*kHz)))+(b_1*d_1^2*(ftyp)*H193/(9*a_1^2*c_1*(fsw*kHz)))-(b_1^2*d_1*(ftyp)*H193/(9*a_1^3*c_1*(fsw*kHz)))) -> #REF! | K193: =(b_1*d_1^2/(9*a_1))-(b_1^2*d_1/(9*a_1^2))+(ftyp*H193/(2*a_1*c_1*fsw*kHz)) -> #REF! | L193: =(d_1^2/9)+(b_1^2/(9*a_1^2))-(2*b_1*d_1/(9*a_1)) -> 0.00045657097 | M193: =((b_1*c_1*fsw*kHz)+(2*a_1*c_1*d_1*fsw*kHz))/(3*a_1*c_1*fsw*kHz) -> #REF! | N193: =(J193+K193)^(1/3)+(L193/(J193^(1/3)))+M193 -> #REF! | O193: =(b_2^3/(27*a_2^3))-(d_2^3/27) -> 0.073252235 | P193: =(ftyp^2*H193^2/(4*a_2^2*c_2^2*(fsw*kHz)^2))+(b_2^3*ftyp*H193/(27*a_2^4*c_2*(fsw*kHz)))-(d_2^3*ftyp*H193/(27*a_2*c_2*(fsw*kHz)))+(b_2*d_2^2*ftyp*H193/(9*a_2^2*c_2*(fsw*kHz)))-(b_2^2*d_2*ftyp*H193/(9*a_2^3*c_2*(fsw*kHz))) -> #REF! | Q193: =(b_2*d_2^2/(9*a_2))-(b_2^2*d_2/(9*a_2^2))+(ftyp*H193/(2*a_2*c_2*(fsw*kHz))) -> #REF! | R193: =(d_2^2/9)+(b_2^2/(9*a_2^2))-(2*b_2*d_2/(9*a_2)) -> 0.067799508 | S193: =(b_2*c_2*(fsw*kHz)+2*a_2*c_2*d_2*(fsw*kHz))/(3*a_2*c_2*(fsw*kHz)) -> #REF! | T193: =((O193+SQRT(P193)+Q193)^(1/3))+(R193/((O193+SQRT(P193)+Q193)^(1/3)))+S193 -> #REF! | U193: =c_3+(SQRT(ftyp)*SQRT(H193)/(SQRT(a_3)*SQRT(b_3)*SQRT(fsw*kHz))) -> #REF! | V193: =(a_4*(fsw*kHz)*b_4/ftyp) -> #REF! | W193: =IF(I193>=0.5,IF(I193<1,I193,IF(N193>=1,IF(N193<2,N193,IF(VCOMP3>=2,IF(T193<4.5,T193,IF(U193>=4.5,IF(U193<4.6,U193,V193)))))))) -> #REF! | X193: =Pin_max*G193/(Vline*100) -> #REF! | Y193: =-Rsense*X193*1.414 -> #REF! | Z193: =MIN(6,MAX(0.5,Beta*G*($Y193-Voff_trim)/(MAX(0,MIN(4.5,W193)-Alpha1_A)+MAX(0,MIN(4.5,W193)-Alpha1_B)-Alpha1_C)+Alpha2)) -> #REF!
G194: 4 | H194: =(((G194/100)*Iout)*(Vout_nom^2)*2.5*Rsense*K_1)/(eff*(Vline^2)*K_FQ)*us -> #REF! | I194: =(1*10^-9*(5*10^8*SQRT(fsw*kHz)+(1.09655978*10^10)*SQRT(ftyp)*SQRT(H194)))/SQRT(fsw*kHz) -> #REF! | J194: =(b_1^3/(27*a_1^3))-(d_1^3/27)+SQRT((ftyp)^2*H194^2/(4*a_1^2*c_1^2*(fsw*kHz)^2))+(b_1^3*(ftyp)*H194/(27*a_1^4*c_1*(fsw*kHz))-(d_1^3*(ftyp)*H194/(27*a_1*c_1*(fsw*kHz)))+(b_1*d_1^2*(ftyp)*H194/(9*a_1^2*c_1*(fsw*kHz)))-(b_1^2*d_1*(ftyp)*H194/(9*a_1^3*c_1*(fsw*kHz)))) -> #REF! | K194: =(b_1*d_1^2/(9*a_1))-(b_1^2*d_1/(9*a_1^2))+(ftyp*H194/(2*a_1*c_1*fsw*kHz)) -> #REF! | L194: =(d_1^2/9)+(b_1^2/(9*a_1^2))-(2*b_1*d_1/(9*a_1)) -> 0.00045657097 | M194: =((b_1*c_1*fsw*kHz)+(2*a_1*c_1*d_1*fsw*kHz))/(3*a_1*c_1*fsw*kHz) -> #REF! | N194: =(J194+K194)^(1/3)+(L194/(J194^(1/3)))+M194 -> #REF! | O194: =(b_2^3/(27*a_2^3))-(d_2^3/27) -> 0.073252235 | P194: =(ftyp^2*H194^2/(4*a_2^2*c_2^2*(fsw*kHz)^2))+(b_2^3*ftyp*H194/(27*a_2^4*c_2*(fsw*kHz)))-(d_2^3*ftyp*H194/(27*a_2*c_2*(fsw*kHz)))+(b_2*d_2^2*ftyp*H194/(9*a_2^2*c_2*(fsw*kHz)))-(b_2^2*d_2*ftyp*H194/(9*a_2^3*c_2*(fsw*kHz))) -> #REF! | Q194: =(b_2*d_2^2/(9*a_2))-(b_2^2*d_2/(9*a_2^2))+(ftyp*H194/(2*a_2*c_2*(fsw*kHz))) -> #REF! | R194: =(d_2^2/9)+(b_2^2/(9*a_2^2))-(2*b_2*d_2/(9*a_2)) -> 0.067799508 | S194: =(b_2*c_2*(fsw*kHz)+2*a_2*c_2*d_2*(fsw*kHz))/(3*a_2*c_2*(fsw*kHz)) -> #REF! | T194: =((O194+SQRT(P194)+Q194)^(1/3))+(R194/((O194+SQRT(P194)+Q194)^(1/3)))+S194 -> #REF! | U194: =c_3+(SQRT(ftyp)*SQRT(H194)/(SQRT(a_3)*SQRT(b_3)*SQRT(fsw*kHz))) -> #REF! | V194: =(a_4*(fsw*kHz)*b_4/ftyp) -> #REF! | W194: =IF(I194>=0.5,IF(I194<1,I194,IF(N194>=1,IF(N194<2,N194,IF(VCOMP3>=2,IF(T194<4.5,T194,IF(U194>=4.5,IF(U194<4.6,U194,V194)))))))) -> #REF! | X194: =Pin_max*G194/(Vline*100) -> #REF! | Y194: =-Rsense*X194*1.414 -> #REF! | Z194: =MIN(6,MAX(0.5,Beta*G*($Y194-Voff_trim)/(MAX(0,MIN(4.5,W194)-Alpha1_A)+MAX(0,MIN(4.5,W194)-Alpha1_B)-Alpha1_C)+Alpha2)) -> #REF!
G195: 5 | H195: =(((G195/100)*Iout)*(Vout_nom^2)*2.5*Rsense*K_1)/(eff*(Vline^2)*K_FQ)*us -> #REF! | I195: =(1*10^-9*(5*10^8*SQRT(fsw*kHz)+(1.09655978*10^10)*SQRT(ftyp)*SQRT(H195)))/SQRT(fsw*kHz) -> #REF! | J195: =(b_1^3/(27*a_1^3))-(d_1^3/27)+SQRT((ftyp)^2*H195^2/(4*a_1^2*c_1^2*(fsw*kHz)^2))+(b_1^3*(ftyp)*H195/(27*a_1^4*c_1*(fsw*kHz))-(d_1^3*(ftyp)*H195/(27*a_1*c_1*(fsw*kHz)))+(b_1*d_1^2*(ftyp)*H195/(9*a_1^2*c_1*(fsw*kHz)))-(b_1^2*d_1*(ftyp)*H195/(9*a_1^3*c_1*(fsw*kHz)))) -> #REF! | K195: =(b_1*d_1^2/(9*a_1))-(b_1^2*d_1/(9*a_1^2))+(ftyp*H195/(2*a_1*c_1*fsw*kHz)) -> #REF! | L195: =(d_1^2/9)+(b_1^2/(9*a_1^2))-(2*b_1*d_1/(9*a_1)) -> 0.00045657097 | M195: =((b_1*c_1*fsw*kHz)+(2*a_1*c_1*d_1*fsw*kHz))/(3*a_1*c_1*fsw*kHz) -> #REF! | N195: =(J195+K195)^(1/3)+(L195/(J195^(1/3)))+M195 -> #REF! | O195: =(b_2^3/(27*a_2^3))-(d_2^3/27) -> 0.073252235 | P195: =(ftyp^2*H195^2/(4*a_2^2*c_2^2*(fsw*kHz)^2))+(b_2^3*ftyp*H195/(27*a_2^4*c_2*(fsw*kHz)))-(d_2^3*ftyp*H195/(27*a_2*c_2*(fsw*kHz)))+(b_2*d_2^2*ftyp*H195/(9*a_2^2*c_2*(fsw*kHz)))-(b_2^2*d_2*ftyp*H195/(9*a_2^3*c_2*(fsw*kHz))) -> #REF! | Q195: =(b_2*d_2^2/(9*a_2))-(b_2^2*d_2/(9*a_2^2))+(ftyp*H195/(2*a_2*c_2*(fsw*kHz))) -> #REF! | R195: =(d_2^2/9)+(b_2^2/(9*a_2^2))-(2*b_2*d_2/(9*a_2)) -> 0.067799508 | S195: =(b_2*c_2*(fsw*kHz)+2*a_2*c_2*d_2*(fsw*kHz))/(3*a_2*c_2*(fsw*kHz)) -> #REF! | T195: =((O195+SQRT(P195)+Q195)^(1/3))+(R195/((O195+SQRT(P195)+Q195)^(1/3)))+S195 -> #REF! | U195: =c_3+(SQRT(ftyp)*SQRT(H195)/(SQRT(a_3)*SQRT(b_3)*SQRT(fsw*kHz))) -> #REF! | V195: =(a_4*(fsw*kHz)*b_4/ftyp) -> #REF! | W195: =IF(I195>=0.5,IF(I195<1,I195,IF(N195>=1,IF(N195<2,N195,IF(VCOMP3>=2,IF(T195<4.5,T195,IF(U195>=4.5,IF(U195<4.6,U195,V195)))))))) -> #REF! | X195: =Pin_max*G195/(Vline*100) -> #REF! | Y195: =-Rsense*X195*1.414 -> #REF! | Z195: =MIN(6,MAX(0.5,Beta*G*($Y195-Voff_trim)/(MAX(0,MIN(4.5,W195)-Alpha1_A)+MAX(0,MIN(4.5,W195)-Alpha1_B)-Alpha1_C)+Alpha2)) -> #REF!
G196: 6 | H196: =(((G196/100)*Iout)*(Vout_nom^2)*2.5*Rsense*K_1)/(eff*(Vline^2)*K_FQ)*us -> #REF! | I196: =(1*10^-9*(5*10^8*SQRT(fsw*kHz)+(1.09655978*10^10)*SQRT(ftyp)*SQRT(H196)))/SQRT(fsw*kHz) -> #REF! | J196: =(b_1^3/(27*a_1^3))-(d_1^3/27)+SQRT((ftyp)^2*H196^2/(4*a_1^2*c_1^2*(fsw*kHz)^2))+(b_1^3*(ftyp)*H196/(27*a_1^4*c_1*(fsw*kHz))-(d_1^3*(ftyp)*H196/(27*a_1*c_1*(fsw*kHz)))+(b_1*d_1^2*(ftyp)*H196/(9*a_1^2*c_1*(fsw*kHz)))-(b_1^2*d_1*(ftyp)*H196/(9*a_1^3*c_1*(fsw*kHz)))) -> #REF! | K196: =(b_1*d_1^2/(9*a_1))-(b_1^2*d_1/(9*a_1^2))+(ftyp*H196/(2*a_1*c_1*fsw*kHz)) -> #REF! | L196: =(d_1^2/9)+(b_1^2/(9*a_1^2))-(2*b_1*d_1/(9*a_1)) -> 0.00045657097 | M196: =((b_1*c_1*fsw*kHz)+(2*a_1*c_1*d_1*fsw*kHz))/(3*a_1*c_1*fsw*kHz) -> #REF! | N196: =(J196+K196)^(1/3)+(L196/(J196^(1/3)))+M196 -> #REF! | O196: =(b_2^3/(27*a_2^3))-(d_2^3/27) -> 0.073252235 | P196: =(ftyp^2*H196^2/(4*a_2^2*c_2^2*(fsw*kHz)^2))+(b_2^3*ftyp*H196/(27*a_2^4*c_2*(fsw*kHz)))-(d_2^3*ftyp*H196/(27*a_2*c_2*(fsw*kHz)))+(b_2*d_2^2*ftyp*H196/(9*a_2^2*c_2*(fsw*kHz)))-(b_2^2*d_2*ftyp*H196/(9*a_2^3*c_2*(fsw*kHz))) -> #REF! | Q196: =(b_2*d_2^2/(9*a_2))-(b_2^2*d_2/(9*a_2^2))+(ftyp*H196/(2*a_2*c_2*(fsw*kHz))) -> #REF! | R196: =(d_2^2/9)+(b_2^2/(9*a_2^2))-(2*b_2*d_2/(9*a_2)) -> 0.067799508 | S196: =(b_2*c_2*(fsw*kHz)+2*a_2*c_2*d_2*(fsw*kHz))/(3*a_2*c_2*(fsw*kHz)) -> #REF! | T196: =((O196+SQRT(P196)+Q196)^(1/3))+(R196/((O196+SQRT(P196)+Q196)^(1/3)))+S196 -> #REF! | U196: =c_3+(SQRT(ftyp)*SQRT(H196)/(SQRT(a_3)*SQRT(b_3)*SQRT(fsw*kHz))) -> #REF! | V196: =(a_4*(fsw*kHz)*b_4/ftyp) -> #REF! | W196: =IF(I196>=0.5,IF(I196<1,I196,IF(N196>=1,IF(N196<2,N196,IF(VCOMP3>=2,IF(T196<4.5,T196,IF(U196>=4.5,IF(U196<4.6,U196,V196)))))))) -> #REF! | X196: =Pin_max*G196/(Vline*100) -> #REF! | Y196: =-Rsense*X196*1.414 -> #REF! | Z196: =MIN(6,MAX(0.5,Beta*G*($Y196-Voff_trim)/(MAX(0,MIN(4.5,W196)-Alpha1_A)+MAX(0,MIN(4.5,W196)-Alpha1_B)-Alpha1_C)+Alpha2)) -> #REF!
G197: 7 | H197: =(((G197/100)*Iout)*(Vout_nom^2)*2.5*Rsense*K_1)/(eff*(Vline^2)*K_FQ)*us -> #REF! | I197: =(1*10^-9*(5*10^8*SQRT(fsw*kHz)+(1.09655978*10^10)*SQRT(ftyp)*SQRT(H197)))/SQRT(fsw*kHz) -> #REF! | J197: =(b_1^3/(27*a_1^3))-(d_1^3/27)+SQRT((ftyp)^2*H197^2/(4*a_1^2*c_1^2*(fsw*kHz)^2))+(b_1^3*(ftyp)*H197/(27*a_1^4*c_1*(fsw*kHz))-(d_1^3*(ftyp)*H197/(27*a_1*c_1*(fsw*kHz)))+(b_1*d_1^2*(ftyp)*H197/(9*a_1^2*c_1*(fsw*kHz)))-(b_1^2*d_1*(ftyp)*H197/(9*a_1^3*c_1*(fsw*kHz)))) -> #REF! | K197: =(b_1*d_1^2/(9*a_1))-(b_1^2*d_1/(9*a_1^2))+(ftyp*H197/(2*a_1*c_1*fsw*kHz)) -> #REF! | L197: =(d_1^2/9)+(b_1^2/(9*a_1^2))-(2*b_1*d_1/(9*a_1)) -> 0.00045657097 | M197: =((b_1*c_1*fsw*kHz)+(2*a_1*c_1*d_1*fsw*kHz))/(3*a_1*c_1*fsw*kHz) -> #REF! | N197: =(J197+K197)^(1/3)+(L197/(J197^(1/3)))+M197 -> #REF! | O197: =(b_2^3/(27*a_2^3))-(d_2^3/27) -> 0.073252235 | P197: =(ftyp^2*H197^2/(4*a_2^2*c_2^2*(fsw*kHz)^2))+(b_2^3*ftyp*H197/(27*a_2^4*c_2*(fsw*kHz)))-(d_2^3*ftyp*H197/(27*a_2*c_2*(fsw*kHz)))+(b_2*d_2^2*ftyp*H197/(9*a_2^2*c_2*(fsw*kHz)))-(b_2^2*d_2*ftyp*H197/(9*a_2^3*c_2*(fsw*kHz))) -> #REF! | Q197: =(b_2*d_2^2/(9*a_2))-(b_2^2*d_2/(9*a_2^2))+(ftyp*H197/(2*a_2*c_2*(fsw*kHz))) -> #REF! | R197: =(d_2^2/9)+(b_2^2/(9*a_2^2))-(2*b_2*d_2/(9*a_2)) -> 0.067799508 | S197: =(b_2*c_2*(fsw*kHz)+2*a_2*c_2*d_2*(fsw*kHz))/(3*a_2*c_2*(fsw*kHz)) -> #REF! | T197: =((O197+SQRT(P197)+Q197)^(1/3))+(R197/((O197+SQRT(P197)+Q197)^(1/3)))+S197 -> #REF! | U197: =c_3+(SQRT(ftyp)*SQRT(H197)/(SQRT(a_3)*SQRT(b_3)*SQRT(fsw*kHz))) -> #REF! | V197: =(a_4*(fsw*kHz)*b_4/ftyp) -> #REF! | W197: =IF(I197>=0.5,IF(I197<1,I197,IF(N197>=1,IF(N197<2,N197,IF(VCOMP3>=2,IF(T197<4.5,T197,IF(U197>=4.5,IF(U197<4.6,U197,V197)))))))) -> #REF! | X197: =Pin_max*G197/(Vline*100) -> #REF! | Y197: =-Rsense*X197*1.414 -> #REF! | Z197: =MIN(6,MAX(0.5,Beta*G*($Y197-Voff_trim)/(MAX(0,MIN(4.5,W197)-Alpha1_A)+MAX(0,MIN(4.5,W197)-Alpha1_B)-Alpha1_C)+Alpha2)) -> #REF!
G198: 8 | H198: =(((G198/100)*Iout)*(Vout_nom^2)*2.5*Rsense*K_1)/(eff*(Vline^2)*K_FQ)*us -> #REF! | I198: =(1*10^-9*(5*10^8*SQRT(fsw*kHz)+(1.09655978*10^10)*SQRT(ftyp)*SQRT(H198)))/SQRT(fsw*kHz) -> #REF! | J198: =(b_1^3/(27*a_1^3))-(d_1^3/27)+SQRT((ftyp)^2*H198^2/(4*a_1^2*c_1^2*(fsw*kHz)^2))+(b_1^3*(ftyp)*H198/(27*a_1^4*c_1*(fsw*kHz))-(d_1^3*(ftyp)*H198/(27*a_1*c_1*(fsw*kHz)))+(b_1*d_1^2*(ftyp)*H198/(9*a_1^2*c_1*(fsw*kHz)))-(b_1^2*d_1*(ftyp)*H198/(9*a_1^3*c_1*(fsw*kHz)))) -> #REF! | K198: =(b_1*d_1^2/(9*a_1))-(b_1^2*d_1/(9*a_1^2))+(ftyp*H198/(2*a_1*c_1*fsw*kHz)) -> #REF! | L198: =(d_1^2/9)+(b_1^2/(9*a_1^2))-(2*b_1*d_1/(9*a_1)) -> 0.00045657097 | M198: =((b_1*c_1*fsw*kHz)+(2*a_1*c_1*d_1*fsw*kHz))/(3*a_1*c_1*fsw*kHz) -> #REF! | N198: =(J198+K198)^(1/3)+(L198/(J198^(1/3)))+M198 -> #REF! | O198: =(b_2^3/(27*a_2^3))-(d_2^3/27) -> 0.073252235 | P198: =(ftyp^2*H198^2/(4*a_2^2*c_2^2*(fsw*kHz)^2))+(b_2^3*ftyp*H198/(27*a_2^4*c_2*(fsw*kHz)))-(d_2^3*ftyp*H198/(27*a_2*c_2*(fsw*kHz)))+(b_2*d_2^2*ftyp*H198/(9*a_2^2*c_2*(fsw*kHz)))-(b_2^2*d_2*ftyp*H198/(9*a_2^3*c_2*(fsw*kHz))) -> #REF! | Q198: =(b_2*d_2^2/(9*a_2))-(b_2^2*d_2/(9*a_2^2))+(ftyp*H198/(2*a_2*c_2*(fsw*kHz))) -> #REF! | R198: =(d_2^2/9)+(b_2^2/(9*a_2^2))-(2*b_2*d_2/(9*a_2)) -> 0.067799508 | S198: =(b_2*c_2*(fsw*kHz)+2*a_2*c_2*d_2*(fsw*kHz))/(3*a_2*c_2*(fsw*kHz)) -> #REF! | T198: =((O198+SQRT(P198)+Q198)^(1/3))+(R198/((O198+SQRT(P198)+Q198)^(1/3)))+S198 -> #REF! | U198: =c_3+(SQRT(ftyp)*SQRT(H198)/(SQRT(a_3)*SQRT(b_3)*SQRT(fsw*kHz))) -> #REF! | V198: =(a_4*(fsw*kHz)*b_4/ftyp) -> #REF! | W198: =IF(I198>=0.5,IF(I198<1,I198,IF(N198>=1,IF(N198<2,N198,IF(VCOMP3>=2,IF(T198<4.5,T198,IF(U198>=4.5,IF(U198<4.6,U198,V198)))))))) -> #REF! | X198: =Pin_max*G198/(Vline*100) -> #REF! | Y198: =-Rsense*X198*1.414 -> #REF! | Z198: =MIN(6,MAX(0.5,Beta*G*($Y198-Voff_trim)/(MAX(0,MIN(4.5,W198)-Alpha1_A)+MAX(0,MIN(4.5,W198)-Alpha1_B)-Alpha1_C)+Alpha2)) -> #REF!
G199: 9 | H199: =(((G199/100)*Iout)*(Vout_nom^2)*2.5*Rsense*K_1)/(eff*(Vline^2)*K_FQ)*us -> #REF! | I199: =(1*10^-9*(5*10^8*SQRT(fsw*kHz)+(1.09655978*10^10)*SQRT(ftyp)*SQRT(H199)))/SQRT(fsw*kHz) -> #REF! | J199: =(b_1^3/(27*a_1^3))-(d_1^3/27)+SQRT((ftyp)^2*H199^2/(4*a_1^2*c_1^2*(fsw*kHz)^2))+(b_1^3*(ftyp)*H199/(27*a_1^4*c_1*(fsw*kHz))-(d_1^3*(ftyp)*H199/(27*a_1*c_1*(fsw*kHz)))+(b_1*d_1^2*(ftyp)*H199/(9*a_1^2*c_1*(fsw*kHz)))-(b_1^2*d_1*(ftyp)*H199/(9*a_1^3*c_1*(fsw*kHz)))) -> #REF! | K199: =(b_1*d_1^2/(9*a_1))-(b_1^2*d_1/(9*a_1^2))+(ftyp*H199/(2*a_1*c_1*fsw*kHz)) -> #REF! | L199: =(d_1^2/9)+(b_1^2/(9*a_1^2))-(2*b_1*d_1/(9*a_1)) -> 0.00045657097 | M199: =((b_1*c_1*fsw*kHz)+(2*a_1*c_1*d_1*fsw*kHz))/(3*a_1*c_1*fsw*kHz) -> #REF! | N199: =(J199+K199)^(1/3)+(L199/(J199^(1/3)))+M199 -> #REF! | O199: =(b_2^3/(27*a_2^3))-(d_2^3/27) -> 0.073252235 | P199: =(ftyp^2*H199^2/(4*a_2^2*c_2^2*(fsw*kHz)^2))+(b_2^3*ftyp*H199/(27*a_2^4*c_2*(fsw*kHz)))-(d_2^3*ftyp*H199/(27*a_2*c_2*(fsw*kHz)))+(b_2*d_2^2*ftyp*H199/(9*a_2^2*c_2*(fsw*kHz)))-(b_2^2*d_2*ftyp*H199/(9*a_2^3*c_2*(fsw*kHz))) -> #REF! | Q199: =(b_2*d_2^2/(9*a_2))-(b_2^2*d_2/(9*a_2^2))+(ftyp*H199/(2*a_2*c_2*(fsw*kHz))) -> #REF! | R199: =(d_2^2/9)+(b_2^2/(9*a_2^2))-(2*b_2*d_2/(9*a_2)) -> 0.067799508 | S199: =(b_2*c_2*(fsw*kHz)+2*a_2*c_2*d_2*(fsw*kHz))/(3*a_2*c_2*(fsw*kHz)) -> #REF! | T199: =((O199+SQRT(P199)+Q199)^(1/3))+(R199/((O199+SQRT(P199)+Q199)^(1/3)))+S199 -> #REF! | U199: =c_3+(SQRT(ftyp)*SQRT(H199)/(SQRT(a_3)*SQRT(b_3)*SQRT(fsw*kHz))) -> #REF! | V199: =(a_4*(fsw*kHz)*b_4/ftyp) -> #REF! | W199: =IF(I199>=0.5,IF(I199<1,I199,IF(N199>=1,IF(N199<2,N199,IF(VCOMP3>=2,IF(T199<4.5,T199,IF(U199>=4.5,IF(U199<4.6,U199,V199)))))))) -> #REF! | X199: =Pin_max*G199/(Vline*100) -> #REF! | Y199: =-Rsense*X199*1.414 -> #REF! | Z199: =MIN(6,MAX(0.5,Beta*G*($Y199-Voff_trim)/(MAX(0,MIN(4.5,W199)-Alpha1_A)+MAX(0,MIN(4.5,W199)-Alpha1_B)-Alpha1_C)+Alpha2)) -> #REF!
G200: 10 | H200: =(((G200/100)*Iout)*(Vout_nom^2)*2.5*Rsense*K_1)/(eff*(Vline^2)*K_FQ)*us -> #REF! | I200: =(1*10^-9*(5*10^8*SQRT(fsw*kHz)+(1.09655978*10^10)*SQRT(ftyp)*SQRT(H200)))/SQRT(fsw*kHz) -> #REF! | J200: =(b_1^3/(27*a_1^3))-(d_1^3/27)+SQRT((ftyp)^2*H200^2/(4*a_1^2*c_1^2*(fsw*kHz)^2))+(b_1^3*(ftyp)*H200/(27*a_1^4*c_1*(fsw*kHz))-(d_1^3*(ftyp)*H200/(27*a_1*c_1*(fsw*kHz)))+(b_1*d_1^2*(ftyp)*H200/(9*a_1^2*c_1*(fsw*kHz)))-(b_1^2*d_1*(ftyp)*H200/(9*a_1^3*c_1*(fsw*kHz)))) -> #REF! | K200: =(b_1*d_1^2/(9*a_1))-(b_1^2*d_1/(9*a_1^2))+(ftyp*H200/(2*a_1*c_1*fsw*kHz)) -> #REF! | L200: =(d_1^2/9)+(b_1^2/(9*a_1^2))-(2*b_1*d_1/(9*a_1)) -> 0.00045657097 | M200: =((b_1*c_1*fsw*kHz)+(2*a_1*c_1*d_1*fsw*kHz))/(3*a_1*c_1*fsw*kHz) -> #REF! | N200: =(J200+K200)^(1/3)+(L200/(J200^(1/3)))+M200 -> #REF! | O200: =(b_2^3/(27*a_2^3))-(d_2^3/27) -> 0.073252235 | P200: =(ftyp^2*H200^2/(4*a_2^2*c_2^2*(fsw*kHz)^2))+(b_2^3*ftyp*H200/(27*a_2^4*c_2*(fsw*kHz)))-(d_2^3*ftyp*H200/(27*a_2*c_2*(fsw*kHz)))+(b_2*d_2^2*ftyp*H200/(9*a_2^2*c_2*(fsw*kHz)))-(b_2^2*d_2*ftyp*H200/(9*a_2^3*c_2*(fsw*kHz))) -> #REF! | Q200: =(b_2*d_2^2/(9*a_2))-(b_2^2*d_2/(9*a_2^2))+(ftyp*H200/(2*a_2*c_2*(fsw*kHz))) -> #REF! | R200: =(d_2^2/9)+(b_2^2/(9*a_2^2))-(2*b_2*d_2/(9*a_2)) -> 0.067799508 | S200: =(b_2*c_2*(fsw*kHz)+2*a_2*c_2*d_2*(fsw*kHz))/(3*a_2*c_2*(fsw*kHz)) -> #REF! | T200: =((O200+SQRT(P200)+Q200)^(1/3))+(R200/((O200+SQRT(P200)+Q200)^(1/3)))+S200 -> #REF! | U200: =c_3+(SQRT(ftyp)*SQRT(H200)/(SQRT(a_3)*SQRT(b_3)*SQRT(fsw*kHz))) -> #REF! | V200: =(a_4*(fsw*kHz)*b_4/ftyp) -> #REF! | W200: =IF(I200>=0.5,IF(I200<1,I200,IF(N200>=1,IF(N200<2,N200,IF(VCOMP3>=2,IF(T200<4.5,T200,IF(U200>=4.5,IF(U200<4.6,U200,V200)))))))) -> #REF! | X200: =Pin_max*G200/(Vline*100) -> #REF! | Y200: =-Rsense*X200*1.414 -> #REF! | Z200: =MIN(6,MAX(0.5,Beta*G*($Y200-Voff_trim)/(MAX(0,MIN(4.5,W200)-Alpha1_A)+MAX(0,MIN(4.5,W200)-Alpha1_B)-Alpha1_C)+Alpha2)) -> #REF!
G201: 11 | H201: =(((G201/100)*Iout)*(Vout_nom^2)*2.5*Rsense*K_1)/(eff*(Vline^2)*K_FQ)*us -> #REF! | I201: =(1*10^-9*(5*10^8*SQRT(fsw*kHz)+(1.09655978*10^10)*SQRT(ftyp)*SQRT(H201)))/SQRT(fsw*kHz) -> #REF! | J201: =(b_1^3/(27*a_1^3))-(d_1^3/27)+SQRT((ftyp)^2*H201^2/(4*a_1^2*c_1^2*(fsw*kHz)^2))+(b_1^3*(ftyp)*H201/(27*a_1^4*c_1*(fsw*kHz))-(d_1^3*(ftyp)*H201/(27*a_1*c_1*(fsw*kHz)))+(b_1*d_1^2*(ftyp)*H201/(9*a_1^2*c_1*(fsw*kHz)))-(b_1^2*d_1*(ftyp)*H201/(9*a_1^3*c_1*(fsw*kHz)))) -> #REF! | K201: =(b_1*d_1^2/(9*a_1))-(b_1^2*d_1/(9*a_1^2))+(ftyp*H201/(2*a_1*c_1*fsw*kHz)) -> #REF! | L201: =(d_1^2/9)+(b_1^2/(9*a_1^2))-(2*b_1*d_1/(9*a_1)) -> 0.00045657097 | M201: =((b_1*c_1*fsw*kHz)+(2*a_1*c_1*d_1*fsw*kHz))/(3*a_1*c_1*fsw*kHz) -> #REF! | N201: =(J201+K201)^(1/3)+(L201/(J201^(1/3)))+M201 -> #REF! | O201: =(b_2^3/(27*a_2^3))-(d_2^3/27) -> 0.073252235 | P201: =(ftyp^2*H201^2/(4*a_2^2*c_2^2*(fsw*kHz)^2))+(b_2^3*ftyp*H201/(27*a_2^4*c_2*(fsw*kHz)))-(d_2^3*ftyp*H201/(27*a_2*c_2*(fsw*kHz)))+(b_2*d_2^2*ftyp*H201/(9*a_2^2*c_2*(fsw*kHz)))-(b_2^2*d_2*ftyp*H201/(9*a_2^3*c_2*(fsw*kHz))) -> #REF! | Q201: =(b_2*d_2^2/(9*a_2))-(b_2^2*d_2/(9*a_2^2))+(ftyp*H201/(2*a_2*c_2*(fsw*kHz))) -> #REF! | R201: =(d_2^2/9)+(b_2^2/(9*a_2^2))-(2*b_2*d_2/(9*a_2)) -> 0.067799508 | S201: =(b_2*c_2*(fsw*kHz)+2*a_2*c_2*d_2*(fsw*kHz))/(3*a_2*c_2*(fsw*kHz)) -> #REF! | T201: =((O201+SQRT(P201)+Q201)^(1/3))+(R201/((O201+SQRT(P201)+Q201)^(1/3)))+S201 -> #REF! | U201: =c_3+(SQRT(ftyp)*SQRT(H201)/(SQRT(a_3)*SQRT(b_3)*SQRT(fsw*kHz))) -> #REF! | V201: =(a_4*(fsw*kHz)*b_4/ftyp) -> #REF! | W201: =IF(I201>=0.5,IF(I201<1,I201,IF(N201>=1,IF(N201<2,N201,IF(VCOMP3>=2,IF(T201<4.5,T201,IF(U201>=4.5,IF(U201<4.6,U201,V201)))))))) -> #REF! | X201: =Pin_max*G201/(Vline*100) -> #REF! | Y201: =-Rsense*X201*1.414 -> #REF! | Z201: =MIN(6,MAX(0.5,Beta*G*($Y201-Voff_trim)/(MAX(0,MIN(4.5,W201)-Alpha1_A)+MAX(0,MIN(4.5,W201)-Alpha1_B)-Alpha1_C)+Alpha2)) -> #REF!
G202: 12 | H202: =(((G202/100)*Iout)*(Vout_nom^2)*2.5*Rsense*K_1)/(eff*(Vline^2)*K_FQ)*us -> #REF! | I202: =(1*10^-9*(5*10^8*SQRT(fsw*kHz)+(1.09655978*10^10)*SQRT(ftyp)*SQRT(H202)))/SQRT(fsw*kHz) -> #REF! | J202: =(b_1^3/(27*a_1^3))-(d_1^3/27)+SQRT((ftyp)^2*H202^2/(4*a_1^2*c_1^2*(fsw*kHz)^2))+(b_1^3*(ftyp)*H202/(27*a_1^4*c_1*(fsw*kHz))-(d_1^3*(ftyp)*H202/(27*a_1*c_1*(fsw*kHz)))+(b_1*d_1^2*(ftyp)*H202/(9*a_1^2*c_1*(fsw*kHz)))-(b_1^2*d_1*(ftyp)*H202/(9*a_1^3*c_1*(fsw*kHz)))) -> #REF! | K202: =(b_1*d_1^2/(9*a_1))-(b_1^2*d_1/(9*a_1^2))+(ftyp*H202/(2*a_1*c_1*fsw*kHz)) -> #REF! | L202: =(d_1^2/9)+(b_1^2/(9*a_1^2))-(2*b_1*d_1/(9*a_1)) -> 0.00045657097 | M202: =((b_1*c_1*fsw*kHz)+(2*a_1*c_1*d_1*fsw*kHz))/(3*a_1*c_1*fsw*kHz) -> #REF! | N202: =(J202+K202)^(1/3)+(L202/(J202^(1/3)))+M202 -> #REF! | O202: =(b_2^3/(27*a_2^3))-(d_2^3/27) -> 0.073252235 | P202: =(ftyp^2*H202^2/(4*a_2^2*c_2^2*(fsw*kHz)^2))+(b_2^3*ftyp*H202/(27*a_2^4*c_2*(fsw*kHz)))-(d_2^3*ftyp*H202/(27*a_2*c_2*(fsw*kHz)))+(b_2*d_2^2*ftyp*H202/(9*a_2^2*c_2*(fsw*kHz)))-(b_2^2*d_2*ftyp*H202/(9*a_2^3*c_2*(fsw*kHz))) -> #REF! | Q202: =(b_2*d_2^2/(9*a_2))-(b_2^2*d_2/(9*a_2^2))+(ftyp*H202/(2*a_2*c_2*(fsw*kHz))) -> #REF! | R202: =(d_2^2/9)+(b_2^2/(9*a_2^2))-(2*b_2*d_2/(9*a_2)) -> 0.067799508 | S202: =(b_2*c_2*(fsw*kHz)+2*a_2*c_2*d_2*(fsw*kHz))/(3*a_2*c_2*(fsw*kHz)) -> #REF! | T202: =((O202+SQRT(P202)+Q202)^(1/3))+(R202/((O202+SQRT(P202)+Q202)^(1/3)))+S202 -> #REF! | U202: =c_3+(SQRT(ftyp)*SQRT(H202)/(SQRT(a_3)*SQRT(b_3)*SQRT(fsw*kHz))) -> #REF! | V202: =(a_4*(fsw*kHz)*b_4/ftyp) -> #REF! | W202: =IF(I202>=0.5,IF(I202<1,I202,IF(N202>=1,IF(N202<2,N202,IF(VCOMP3>=2,IF(T202<4.5,T202,IF(U202>=4.5,IF(U202<4.6,U202,V202)))))))) -> #REF! | X202: =Pin_max*G202/(Vline*100) -> #REF! | Y202: =-Rsense*X202*1.414 -> #REF! | Z202: =MIN(6,MAX(0.5,Beta*G*($Y202-Voff_trim)/(MAX(0,MIN(4.5,W202)-Alpha1_A)+MAX(0,MIN(4.5,W202)-Alpha1_B)-Alpha1_C)+Alpha2)) -> #REF!
... G290: 100 | H290: =(((G290/100)*Iout)*(Vout_nom^2)*2.5*Rsense*K_1)/(eff*(Vline^2)*K_FQ)*us -> #REF! | I290: =(1*10^-9*(5*10^8*SQRT(fsw*kHz)+(1.09655978*10^10)*SQRT(ftyp)*SQRT(H290)))/SQRT(fsw*kHz) -> #REF! | J290: =(b_1^3/(27*a_1^3))-(d_1^3/27)+SQRT((ftyp)^2*H290^2/(4*a_1^2*c_1^2*(fsw*kHz)^2))+(b_1^3*(ftyp)*H290/(27*a_1^4*c_1*(fsw*kHz))-(d_1^3*(ftyp)*H290/(27*a_1*c_1*(fsw*kHz)))+(b_1*d_1^2*(ftyp)*H290/(9*a_1^2*c_1*(fsw*kHz)))-(b_1^2*d_1*(ftyp)*H290/(9*a_1^3*c_1*(fsw*kHz)))) -> #REF! | K290: =(b_1*d_1^2/(9*a_1))-(b_1^2*d_1/(9*a_1^2))+(ftyp*H290/(2*a_1*c_1*fsw*kHz)) -> #REF! | L290: =(d_1^2/9)+(b_1^2/(9*a_1^2))-(2*b_1*d_1/(9*a_1)) -> 0.00045657097 | M290: =((b_1*c_1*fsw*kHz)+(2*a_1*c_1*d_1*fsw*kHz))/(3*a_1*c_1*fsw*kHz) -> #REF! | N290: =(J290+K290)^(1/3)+(L290/(J290^(1/3)))+M290 -> #REF! | O290: =(b_2^3/(27*a_2^3))-(d_2^3/27) -> 0.073252235 | P290: =(ftyp^2*H290^2/(4*a_2^2*c_2^2*(fsw*kHz)^2))+(b_2^3*ftyp*H290/(27*a_2^4*c_2*(fsw*kHz)))-(d_2^3*ftyp*H290/(27*a_2*c_2*(fsw*kHz)))+(b_2*d_2^2*ftyp*H290/(9*a_2^2*c_2*(fsw*kHz)))-(b_2^2*d_2*ftyp*H290/(9*a_2^3*c_2*(fsw*kHz))) -> #REF! | Q290: =(b_2*d_2^2/(9*a_2))-(b_2^2*d_2/(9*a_2^2))+(ftyp*H290/(2*a_2*c_2*(fsw*kHz))) -> #REF! | R290: =(d_2^2/9)+(b_2^2/(9*a_2^2))-(2*b_2*d_2/(9*a_2)) -> 0.067799508 | S290: =(b_2*c_2*(fsw*kHz)+2*a_2*c_2*d_2*(fsw*kHz))/(3*a_2*c_2*(fsw*kHz)) -> #REF! | T290: =((O290+SQRT(P290)+Q290)^(1/3))+(R290/((O290+SQRT(P290)+Q290)^(1/3)))+S290 -> #REF! | U290: =c_3+(SQRT(ftyp)*SQRT(H290)/(SQRT(a_3)*SQRT(b_3)*SQRT(fsw*kHz))) -> #REF! | V290: =(a_4*(fsw*kHz)*b_4/ftyp) -> #REF! | W290: =IF(I290>=0.5,IF(I290<1,I290,IF(N290>=1,IF(N290<2,N290,IF(VCOMP3>=2,IF(T290<4.5,T290,IF(U290>=4.5,IF(U290<4.6,U290,V290)))))))) -> #REF! | X290: =Pin_max*G290/(Vline*100) -> #REF! | Y290: =-Rsense*X290*1.414 -> #REF! | Z290: =MIN(6,MAX(0.5,Beta*G*($Y290-Voff_trim)/(MAX(0,MIN(4.5,W290)-Alpha1_A)+MAX(0,MIN(4.5,W290)-Alpha1_B)-Alpha1_C)+Alpha2)) -> #REF!
